Age,Gender,AnnualIncome,SpendingScore,PurchaseHistory,Location,PurchaseDate,PreferredDevice,PaymentMethod,Segment,Source
25,Female,41288.0,79,Sports,New York,2023-09-01,Tablet,Credit Card,Budget,2023-2024
62,Female,75922.0,27,Home Decor,Los Angeles,2023-09-02,Mobile,Credit Card,Budget,2023-2024
21,Male,108397.0,22,Fashion,Chicago,2023-09-02,Tablet,Credit Card,Budget,2023-2024
48,Male,123674.0,91,Home Decor,New York,2023-09-02,Mobile,Credit Card,Premium,2023-2024
41,Male,56444.0,42,Electronics,New York,2023-09-04,Tablet,Debit Card,Budget,2023-2024
26,Female,147706.0,13,Sports,Seattle,2023-09-04,Desktop,Credit Card,Budget,2023-2024
22,Male,24255.0,81,Groceries,Boston,2023-09-04,Desktop,PayPal,Budget,2023-2024
52,Female,82768.0,89,Sports,Los Angeles,2023-09-07,Mobile,PayPal,Standard,2023-2024
30,Male,121148.0,63,Home Decor,Seattle,2023-09-07,Tablet,Credit Card,Standard,2023-2024
22,Male,80946.0,68,Fashion,Chicago,2023-09-07,Desktop,Debit Card,Standard,2023-2024
57,Male,124540.0,41,Groceries,Boston,2023-09-08,Mobile,Debit Card,Standard,2023-2024
18,Male,29200.0,45,Groceries,Miami,2023-09-09,Desktop,Gift Card,Budget,2023-2024
44,Male,132340.0,81,Fashion,Chicago,2023-09-09,Mobile,Debit Card,Premium,2023-2024
56,Male,43411.0,99,Books,Chicago,2023-09-09,Desktop,Debit Card,Budget,2023-2024
35,Male,121477.0,27,Home Decor,Los Angeles,2023-09-10,Desktop,Debit Card,Budget,2023-2024
50,Female,41563.0,29,Home Decor,Boston,2023-09-11,Desktop,Debit Card,Budget,2023-2024
28,Male,36014.0,19,Groceries,Miami,2023-09-11,Desktop,PayPal,Budget,2023-2024
31,Female,46017.0,4,Fashion,Miami,2023-09-13,Mobile,Debit Card,Budget,2023-2024
61,Female,32987.0,33,Home Decor,Houston,2023-09-13,Mobile,Debit Card,Budget,2023-2024
39,Male,54503.0,65,Fashion,Los Angeles,2023-09-13,Desktop,Credit Card,Budget,2023-2024
52,Female,89569.0,59,Groceries,Chicago,2023-09-14,Tablet,Debit Card,Standard,2023-2024
66,Male,50707.0,2,Sports,Boston,2023-09-14,Mobile,Debit Card,Budget,2023-2024
27,Male,28906.0,61,Sports,Miami,2023-09-15,Mobile,Gift Card,Budget,2023-2024
47,Male,94319.0,79,Fashion,Boston,2023-09-15,Desktop,Gift Card,Standard,2023-2024
27,Female,24114.0,26,Books,Los Angeles,2023-09-15,Mobile,Debit Card,Budget,2023-2024
39,Male,118833.0,58,Sports,Chicago,2023-09-16,Tablet,Debit Card,Standard,2023-2024
32,Male,92595.0,60,Groceries,Seattle,2023-09-18,Tablet,Credit Card,Standard,2023-2024
36,Male,116546.0,47,Home Decor,Chicago,2023-09-18,Mobile,PayPal,Standard,2023-2024
40,Male,57384.0,63,Fashion,New York,2023-09-19,Desktop,PayPal,Budget,2023-2024
43,Female,102495.0,5,Fashion,Miami,2023-09-19,Mobile,PayPal,Budget,2023-2024
54,Female,96367.0,51,Books,Boston,2023-09-19,Tablet,PayPal,Standard,2023-2024
29,Female,72233.0,77,Books,Miami,2023-09-19,Tablet,Gift Card,Standard,2023-2024
51,Female,121872.0,46,Books,New York,2023-09-20,Desktop,Gift Card,Standard,2023-2024
42,Male,135953.0,96,Fashion,Los Angeles,2023-09-20,Mobile,PayPal,Premium,2023-2024
69,Female,73947.0,15,Groceries,Los Angeles,2023-09-20,Tablet,Credit Card,Budget,2023-2024
47,Male,90316.0,23,Electronics,Boston,2023-09-21,Tablet,Debit Card,Budget,2023-2024
51,Female,37778.0,71,Books,Seattle,2023-09-21,Desktop,Credit Card,Budget,2023-2024
69,Female,80545.0,27,Books,New York,2023-09-22,Mobile,PayPal,Budget,2023-2024
44,Male,83449.0,82,Books,New York,2023-09-25,Mobile,Gift Card,Standard,2023-2024
20,Male,145926.0,48,Groceries,New York,2023-09-26,Mobile,PayPal,Standard,2023-2024
68,Female,96260.0,89,Electronics,New York,2023-09-27,Tablet,Credit Card,Standard,2023-2024
69,Male,126437.0,64,Sports,Seattle,2023-09-27,Desktop,PayPal,Standard,2023-2024
22,Female,84174.0,25,Sports,Miami,2023-09-27,Mobile,Gift Card,Budget,2023-2024
62,Male,25084.0,79,Home Decor,New York,2023-09-28,Mobile,Credit Card,Budget,2023-2024
48,Female,21007.0,80,Fashion,Los Angeles,2023-09-28,Tablet,Gift Card,Budget,2023-2024
37,Male,146446.0,52,Books,Chicago,2023-09-28,Mobile,Debit Card,Standard,2023-2024
36,Male,23726.0,19,Books,Los Angeles,2023-09-28,Desktop,PayPal,Budget,2023-2024
25,Male,140030.0,15,Fashion,Seattle,2023-09-30,Tablet,Gift Card,Budget,2023-2024
47,Female,72307.0,14,Electronics,New York,2023-09-30,Tablet,Credit Card,Budget,2023-2024
50,Male,134682.0,2,Fashion,Houston,2023-10-02,Desktop,Credit Card,Budget,2023-2024
26,Female,88344.0,38,Groceries,Chicago,2023-10-02,Tablet,Gift Card,Budget,2023-2024
29,Male,66163.0,22,Fashion,Boston,2023-10-04,Mobile,Debit Card,Budget,2023-2024
21,Female,59062.0,58,Sports,Boston,2023-10-05,Tablet,PayPal,Budget,2023-2024
30,Male,70138.0,74,Books,Miami,2023-10-05,Tablet,Gift Card,Standard,2023-2024
27,Female,24470.0,49,Fashion,Miami,2023-10-06,Tablet,Gift Card,Budget,2023-2024
64,Female,49165.0,40,Sports,Chicago,2023-10-07,Mobile,PayPal,Budget,2023-2024
41,Male,54707.0,24,Sports,Miami,2023-10-09,Tablet,Credit Card,Budget,2023-2024
35,Female,21925.0,32,Fashion,Houston,2023-10-09,Desktop,PayPal,Budget,2023-2024
33,Male,40337.0,30,Sports,Los Angeles,2023-10-10,Desktop,Credit Card,Budget,2023-2024
33,Female,53397.0,70,Home Decor,New York,2023-10-10,Desktop,Gift Card,Budget,2023-2024
62,Male,31556.0,12,Electronics,Chicago,2023-10-11,Desktop,Gift Card,Budget,2023-2024
41,Female,120686.0,98,Groceries,Boston,2023-10-11,Desktop,Gift Card,Premium,2023-2024
52,Male,75409.0,39,Groceries,New York,2023-10-13,Desktop,Debit Card,Budget,2023-2024
52,Female,46745.0,97,Groceries,New York,2023-10-13,Tablet,PayPal,Budget,2023-2024
19,Male,81681.0,62,Electronics,Miami,2023-10-14,Tablet,Credit Card,Standard,2023-2024
63,Female,47961.0,29,Sports,New York,2023-10-15,Desktop,Credit Card,Budget,2023-2024
67,Male,136400.0,20,Groceries,Los Angeles,2023-10-16,Tablet,Credit Card,Budget,2023-2024
45,Male,113977.0,27,Fashion,Seattle,2023-10-16,Desktop,PayPal,Budget,2023-2024
65,Female,45963.0,70,Electronics,Miami,2023-10-18,Tablet,Gift Card,Budget,2023-2024
38,Female,63753.0,37,Fashion,Seattle,2023-10-19,Tablet,Gift Card,Budget,2023-2024
44,Male,132718.0,99,Sports,Seattle,2023-10-21,Desktop,Gift Card,Premium,2023-2024
64,Female,77932.0,21,Books,Miami,2023-10-21,Tablet,Debit Card,Budget,2023-2024
54,Male,83620.0,60,Home Decor,Boston,2023-10-21,Mobile,PayPal,Standard,2023-2024
63,Male,95717.0,5,Sports,Boston,2023-10-22,Desktop,Debit Card,Budget,2023-2024
57,Female,29078.0,59,Home Decor,Seattle,2023-10-22,Tablet,PayPal,Budget,2023-2024
19,Female,48602.0,5,Fashion,Chicago,2023-10-23,Desktop,Credit Card,Budget,2023-2024
44,Female,46431.0,21,Electronics,New York,2023-10-23,Desktop,Gift Card,Budget,2023-2024
64,Female,118875.0,21,Groceries,Chicago,2023-10-24,Desktop,Debit Card,Budget,2023-2024
23,Male,47490.0,30,Sports,Los Angeles,2023-10-24,Desktop,PayPal,Budget,2023-2024
52,Female,47082.0,28,Home Decor,Miami,2023-10-25,Desktop,Debit Card,Budget,2023-2024
52,Female,96919.0,43,Sports,Los Angeles,2023-10-25,Mobile,Credit Card,Standard,2023-2024
65,Male,141717.0,70,Sports,Houston,2023-10-25,Tablet,Debit Card,Standard,2023-2024
46,Male,69786.0,44,Electronics,Boston,2023-10-26,Tablet,Gift Card,Standard,2023-2024
50,Male,109022.0,11,Books,Miami,2023-10-27,Desktop,Gift Card,Budget,2023-2024
56,Male,96961.0,60,Groceries,Los Angeles,2023-10-27,Desktop,Debit Card,Standard,2023-2024
63,Male,48380.0,30,Fashion,Boston,2023-10-28,Desktop,Credit Card,Budget,2023-2024
64,Male,145932.0,64,Books,New York,2023-10-29,Mobile,Credit Card,Standard,2023-2024
25,Male,97475.0,10,Electronics,New York,2023-10-29,Tablet,Debit Card,Budget,2023-2024
28,Male,21591.0,32,Sports,Chicago,2023-10-30,Desktop,Gift Card,Budget,2023-2024
22,Male,126283.0,47,Groceries,Miami,2023-10-30,Desktop,Gift Card,Standard,2023-2024
68,Female,95932.0,63,Books,Los Angeles,2023-10-30,Mobile,Debit Card,Standard,2023-2024
63,Female,133939.0,37,Electronics,Chicago,2023-10-31,Tablet,Credit Card,Budget,2023-2024
50,Male,21980.0,11,Home Decor,Los Angeles,2023-10-31,Desktop,PayPal,Budget,2023-2024
65,Male,120732.0,50,Sports,Miami,2023-10-31,Tablet,Debit Card,Standard,2023-2024
34,Male,25109.0,8,Electronics,Boston,2023-10-31,Desktop,PayPal,Budget,2023-2024
67,Female,107263.0,35,Sports,Boston,2023-10-31,Desktop,PayPal,Budget,2023-2024
64,Male,119590.0,58,Books,Chicago,2023-11-01,Mobile,PayPal,Standard,2023-2024
29,Male,123542.0,98,Home Decor,Miami,2023-11-01,Desktop,Credit Card,Premium,2023-2024
23,Male,143274.0,51,Books,New York,2023-11-01,Desktop,Gift Card,Standard,2023-2024
21,Female,140387.0,97,Sports,Seattle,2023-11-03,Tablet,Credit Card,Premium,2023-2024
45,Male,66413.0,11,Groceries,Houston,2023-11-03,Desktop,Credit Card,Budget,2023-2024
38,Male,134015.0,96,Sports,Houston,2023-11-03,Mobile,Gift Card,Premium,2023-2024
38,Male,148859.0,13,Fashion,Seattle,2023-11-07,Mobile,Credit Card,Budget,2023-2024
53,Male,130896.0,72,Books,Seattle,2023-11-07,Tablet,PayPal,Premium,2023-2024
51,Male,102503.0,1,Electronics,Los Angeles,2023-11-08,Mobile,PayPal,Budget,2023-2024
29,Female,51890.0,74,Fashion,Chicago,2023-11-08,Desktop,Gift Card,Budget,2023-2024
40,Male,37014.0,22,Electronics,Seattle,2023-11-09,Mobile,Debit Card,Budget,2023-2024
34,Female,75754.0,99,Electronics,Boston,2023-11-09,Mobile,Credit Card,Standard,2023-2024
65,Male,59532.0,55,Groceries,Boston,2023-11-09,Mobile,Gift Card,Budget,2023-2024
57,Male,41927.0,75,Groceries,Los Angeles,2023-11-12,Desktop,Credit Card,Budget,2023-2024
19,Male,79321.0,14,Electronics,Seattle,2023-11-12,Mobile,Gift Card,Budget,2023-2024
49,Female,94744.0,44,Groceries,Los Angeles,2023-11-13,Mobile,PayPal,Standard,2023-2024
59,Male,61846.0,50,Books,Chicago,2023-11-14,Desktop,Credit Card,Standard,2023-2024
58,Female,72648.0,96,Home Decor,Los Angeles,2023-11-15,Mobile,Debit Card,Standard,2023-2024
56,Female,144398.0,86,Sports,Houston,2023-11-16,Desktop,Credit Card,Premium,2023-2024
36,Female,99083.0,87,Fashion,Houston,2023-11-17,Mobile,PayPal,Standard,2023-2024
23,Female,46589.0,21,Sports,Houston,2023-11-17,Mobile,PayPal,Budget,2023-2024
22,Female,127435.0,63,Groceries,Houston,2023-11-18,Tablet,PayPal,Standard,2023-2024
24,Female,69708.0,49,Groceries,Los Angeles,2023-11-18,Tablet,PayPal,Standard,2023-2024
61,Female,64064.0,87,Books,Boston,2023-11-19,Tablet,Gift Card,Standard,2023-2024
54,Female,67414.0,61,Electronics,Boston,2023-11-19,Mobile,PayPal,Standard,2023-2024
55,Male,93297.0,25,Books,Houston,2023-11-21,Desktop,Gift Card,Budget,2023-2024
54,Male,140133.0,13,Groceries,Miami,2023-11-22,Mobile,Credit Card,Budget,2023-2024
20,Male,42534.0,86,Books,Seattle,2023-11-24,Mobile,Debit Card,Budget,2023-2024
18,Male,95304.0,92,Books,Los Angeles,2023-11-25,Desktop,Credit Card,Standard,2023-2024
20,Male,136492.0,67,Books,New York,2023-11-25,Desktop,Gift Card,Standard,2023-2024
43,Male,123314.0,72,Groceries,Miami,2023-11-25,Desktop,PayPal,Premium,2023-2024
45,Female,96619.0,46,Home Decor,Los Angeles,2023-11-26,Tablet,PayPal,Standard,2023-2024
25,Male,33629.0,46,Groceries,Chicago,2023-11-29,Mobile,Debit Card,Budget,2023-2024
56,Male,65648.0,5,Home Decor,Miami,2023-11-30,Tablet,Credit Card,Budget,2023-2024
62,Female,68901.0,13,Books,New York,2023-11-30,Desktop,Gift Card,Budget,2023-2024
50,Male,130091.0,77,Electronics,Houston,2023-12-01,Mobile,PayPal,Premium,2023-2024
24,Female,55643.0,92,Sports,Seattle,2023-12-01,Mobile,Gift Card,Budget,2023-2024
66,Male,59110.0,60,Fashion,Seattle,2023-12-03,Tablet,Debit Card,Budget,2023-2024
66,Female,68604.0,4,Groceries,Miami,2023-12-03,Mobile,PayPal,Budget,2023-2024
49,Male,67614.0,35,Groceries,Chicago,2023-12-03,Tablet,Debit Card,Budget,2023-2024
26,Female,41195.0,34,Electronics,Chicago,2023-12-04,Tablet,Gift Card,Budget,2023-2024
46,Female,124734.0,50,Fashion,Miami,2023-12-05,Tablet,PayPal,Standard,2023-2024
19,Male,64139.0,57,Sports,Boston,2023-12-06,Desktop,PayPal,Standard,2023-2024
28,Female,134044.0,14,Sports,Boston,2023-12-06,Mobile,Credit Card,Budget,2023-2024
56,Male,127803.0,4,Groceries,New York,2023-12-06,Mobile,PayPal,Budget,2023-2024
52,Female,143786.0,73,Books,Miami,2023-12-07,Mobile,Gift Card,Premium,2023-2024
24,Female,38787.0,14,Fashion,Houston,2023-12-07,Desktop,Gift Card,Budget,2023-2024
21,Female,123493.0,21,Home Decor,Los Angeles,2023-12-11,Tablet,Credit Card,Budget,2023-2024
69,Male,40581.0,94,Groceries,Los Angeles,2023-12-12,Tablet,PayPal,Budget,2023-2024
52,Male,108652.0,32,Electronics,Los Angeles,2023-12-13,Mobile,Debit Card,Budget,2023-2024
33,Female,130350.0,93,Groceries,Houston,2023-12-13,Desktop,Debit Card,Premium,2023-2024
30,Male,145354.0,58,Fashion,Boston,2023-12-17,Mobile,Credit Card,Standard,2023-2024
49,Male,28711.0,64,Groceries,Chicago,2023-12-18,Tablet,Gift Card,Budget,2023-2024
50,Female,132418.0,40,Books,New York,2023-12-19,Mobile,Debit Card,Budget,2023-2024
27,Female,147959.0,57,Fashion,Boston,2023-12-20,Desktop,Gift Card,Standard,2023-2024
43,Female,55488.0,68,Sports,Miami,2023-12-20,Desktop,Credit Card,Budget,2023-2024
20,Male,72326.0,32,Fashion,Seattle,2023-12-21,Mobile,Credit Card,Budget,2023-2024
57,Male,107272.0,6,Fashion,New York,2023-12-21,Mobile,PayPal,Budget,2023-2024
40,Female,146768.0,54,Home Decor,Los Angeles,2023-12-21,Tablet,PayPal,Standard,2023-2024
47,Female,90135.0,18,Electronics,Los Angeles,2023-12-21,Mobile,Debit Card,Budget,2023-2024
42,Female,127971.0,66,Books,Boston,2023-12-22,Desktop,Gift Card,Standard,2023-2024
53,Female,101709.0,34,Fashion,Houston,2023-12-22,Tablet,PayPal,Budget,2023-2024
46,Male,91260.0,42,Groceries,Boston,2023-12-24,Desktop,Debit Card,Standard,2023-2024
18,Female,145941.0,87,Groceries,Los Angeles,2023-12-24,Mobile,PayPal,Premium,2023-2024
37,Male,42612.0,3,Fashion,Los Angeles,2023-12-24,Desktop,Gift Card,Budget,2023-2024
41,Female,127860.0,85,Groceries,Houston,2023-12-25,Mobile,Credit Card,Premium,2023-2024
51,Male,57311.0,36,Groceries,Chicago,2023-12-25,Mobile,Gift Card,Budget,2023-2024
49,Female,139044.0,70,Electronics,Boston,2023-12-25,Desktop,Gift Card,Standard,2023-2024
61,Male,84965.0,63,Sports,Boston,2023-12-28,Desktop,Gift Card,Standard,2023-2024
41,Female,101061.0,11,Fashion,Los Angeles,2023-12-29,Mobile,PayPal,Budget,2023-2024
34,Female,95388.0,14,Groceries,Boston,2024-01-02,Desktop,Debit Card,Budget,2023-2024
65,Male,128177.0,33,Books,Seattle,2024-01-02,Mobile,Gift Card,Budget,2023-2024
39,Male,49759.0,24,Fashion,New York,2024-01-02,Mobile,Debit Card,Budget,2023-2024
30,Male,117883.0,79,Electronics,Miami,2024-01-02,Mobile,PayPal,Premium,2023-2024
18,Male,87649.0,47,Electronics,Miami,2024-01-03,Desktop,PayPal,Standard,2023-2024
62,Female,39201.0,26,Sports,Los Angeles,2024-01-03,Desktop,PayPal,Budget,2023-2024
24,Male,116347.0,49,Electronics,Seattle,2024-01-04,Tablet,Credit Card,Standard,2023-2024
53,Female,112464.0,54,Books,Miami,2024-01-04,Tablet,Debit Card,Standard,2023-2024
67,Female,100896.0,80,Sports,Miami,2024-01-07,Tablet,Debit Card,Premium,2023-2024
30,Female,55057.0,50,Books,Boston,2024-01-07,Mobile,PayPal,Budget,2023-2024
53,Male,105112.0,39,Sports,New York,2024-01-08,Tablet,Gift Card,Budget,2023-2024
36,Female,121376.0,66,Sports,New York,2024-01-08,Mobile,PayPal,Standard,2023-2024
38,Female,94553.0,42,Home Decor,Boston,2024-01-08,Mobile,Gift Card,Standard,2023-2024
61,Male,25776.0,21,Groceries,Los Angeles,2024-01-10,Tablet,Gift Card,Budget,2023-2024
51,Female,43711.0,45,Home Decor,Miami,2024-01-12,Mobile,Credit Card,Budget,2023-2024
34,Male,64843.0,4,Books,Chicago,2024-01-12,Desktop,Credit Card,Budget,2023-2024
45,Female,122302.0,7,Home Decor,Boston,2024-01-13,Tablet,Gift Card,Budget,2023-2024
65,Male,20661.0,51,Groceries,Los Angeles,2024-01-13,Tablet,PayPal,Budget,2023-2024
35,Male,51966.0,25,Fashion,Houston,2024-01-14,Tablet,PayPal,Budget,2023-2024
30,Female,127288.0,55,Electronics,Chicago,2024-01-14,Tablet,Debit Card,Standard,2023-2024
57,Female,27813.0,83,Sports,Miami,2024-01-14,Tablet,Debit Card,Budget,2023-2024
29,Male,81788.0,29,Fashion,Houston,2024-01-15,Tablet,Debit Card,Budget,2023-2024
34,Male,120734.0,96,Home Decor,Los Angeles,2024-01-15,Mobile,Gift Card,Premium,2023-2024
55,Male,41636.0,19,Sports,Seattle,2024-01-16,Mobile,Gift Card,Budget,2023-2024
19,Male,137832.0,21,Groceries,New York,2024-01-18,Mobile,Credit Card,Budget,2023-2024
26,Female,78576.0,93,Fashion,Miami,2024-01-18,Desktop,PayPal,Standard,2023-2024
19,Female,20526.0,59,Groceries,New York,2024-01-19,Desktop,PayPal,Budget,2023-2024
22,Male,56059.0,60,Electronics,Los Angeles,2024-01-19,Desktop,Debit Card,Budget,2023-2024
18,Male,81367.0,90,Sports,Los Angeles,2024-01-20,Tablet,Credit Card,Standard,2023-2024
46,Female,135142.0,89,Groceries,Seattle,2024-01-21,Tablet,Credit Card,Premium,2023-2024
52,Female,24648.0,19,Home Decor,Miami,2024-01-22,Mobile,PayPal,Budget,2023-2024
29,Female,50659.0,22,Groceries,Los Angeles,2024-01-24,Desktop,Gift Card,Budget,2023-2024
32,Female,85108.0,30,Fashion,Los Angeles,2024-01-25,Tablet,Credit Card,Budget,2023-2024
47,Male,137071.0,85,Home Decor,Los Angeles,2024-01-25,Desktop,Debit Card,Premium,2023-2024
35,Female,146296.0,51,Fashion,Houston,2024-01-26,Desktop,Credit Card,Standard,2023-2024
31,Male,138516.0,68,Books,Miami,2024-01-26,Mobile,Credit Card,Standard,2023-2024
56,Male,85681.0,14,Groceries,Miami,2024-01-26,Mobile,Debit Card,Budget,2023-2024
54,Female,23093.0,71,Sports,Miami,2024-01-27,Mobile,Credit Card,Budget,2023-2024
64,Female,78348.0,27,Books,Los Angeles,2024-01-27,Desktop,Debit Card,Budget,2023-2024
36,Male,136891.0,31,Home Decor,Boston,2024-01-27,Mobile,Credit Card,Budget,2023-2024
34,Female,44089.0,17,Groceries,Houston,2024-01-28,Tablet,Credit Card,Budget,2023-2024
40,Male,67837.0,72,Groceries,Chicago,2024-01-28,Mobile,Debit Card,Standard,2023-2024
62,Female,147834.0,79,Electronics,Boston,2024-01-28,Desktop,Credit Card,Premium,2023-2024
56,Male,86061.0,83,Sports,Boston,2024-01-29,Mobile,PayPal,Standard,2023-2024
63,Male,139503.0,9,Sports,Houston,2024-01-30,Desktop,Credit Card,Budget,2023-2024
24,Male,27491.0,92,Groceries,Los Angeles,2024-01-31,Tablet,Gift Card,Budget,2023-2024
51,Female,58467.0,68,Fashion,Miami,2024-01-31,Tablet,Gift Card,Budget,2023-2024
43,Male,28712.0,83,Electronics,Seattle,2024-02-01,Desktop,Credit Card,Budget,2023-2024
34,Male,97714.0,24,Electronics,Boston,2024-02-02,Tablet,Credit Card,Budget,2023-2024
47,Male,26276.0,64,Home Decor,Seattle,2024-02-02,Mobile,Gift Card,Budget,2023-2024
50,Female,84178.0,56,Home Decor,Los Angeles,2024-02-03,Tablet,PayPal,Standard,2023-2024
46,Female,109899.0,72,Home Decor,Los Angeles,2024-02-04,Tablet,PayPal,Premium,2023-2024
51,Female,144132.0,15,Electronics,Seattle,2024-02-05,Mobile,Gift Card,Budget,2023-2024
55,Female,114088.0,38,Groceries,Seattle,2024-02-05,Mobile,Credit Card,Budget,2023-2024
27,Female,45611.0,82,Sports,Miami,2024-02-05,Mobile,PayPal,Budget,2023-2024
41,Male,145839.0,1,Groceries,Boston,2024-02-06,Tablet,Credit Card,Budget,2023-2024
64,Male,145281.0,21,Electronics,Houston,2024-02-08,Desktop,Gift Card,Budget,2023-2024
42,Female,91626.0,30,Electronics,Houston,2024-02-09,Tablet,PayPal,Budget,2023-2024
52,Female,112124.0,35,Groceries,Boston,2024-02-10,Mobile,PayPal,Budget,2023-2024
64,Male,30326.0,44,Fashion,Seattle,2024-02-10,Tablet,Debit Card,Budget,2023-2024
26,Female,98339.0,16,Sports,Boston,2024-02-10,Tablet,PayPal,Budget,2023-2024
42,Male,37087.0,99,Home Decor,Miami,2024-02-16,Desktop,PayPal,Budget,2023-2024
31,Male,147650.0,65,Fashion,Los Angeles,2024-02-16,Mobile,PayPal,Standard,2023-2024
50,Male,43279.0,60,Fashion,Houston,2024-02-17,Mobile,Gift Card,Budget,2023-2024
49,Female,68320.0,61,Sports,Seattle,2024-02-17,Tablet,Gift Card,Standard,2023-2024
69,Female,29847.0,60,Fashion,Miami,2024-02-18,Desktop,Gift Card,Budget,2023-2024
39,Male,148267.0,3,Books,New York,2024-02-20,Desktop,Gift Card,Budget,2023-2024
52,Male,134225.0,4,Books,Boston,2024-02-20,Desktop,Debit Card,Budget,2023-2024
69,Male,74615.0,43,Fashion,Boston,2024-02-20,Desktop,Debit Card,Standard,2023-2024
52,Male,79889.0,4,Sports,Chicago,2024-02-22,Tablet,PayPal,Budget,2023-2024
65,Female,47723.0,51,Electronics,Seattle,2024-02-22,Tablet,Credit Card,Budget,2023-2024
20,Female,26154.0,28,Fashion,Chicago,2024-02-22,Tablet,Debit Card,Budget,2023-2024
34,Female,56321.0,66,Home Decor,Boston,2024-02-22,Tablet,Gift Card,Budget,2023-2024
39,Female,31653.0,92,Home Decor,New York,2024-02-23,Mobile,Debit Card,Budget,2023-2024
60,Male,139273.0,57,Home Decor,Boston,2024-02-23,Mobile,Credit Card,Standard,2023-2024
54,Male,69104.0,83,Groceries,Houston,2024-02-24,Mobile,Debit Card,Standard,2023-2024
31,Female,97231.0,3,Electronics,New York,2024-02-24,Tablet,Credit Card,Budget,2023-2024
28,Male,63408.0,81,Electronics,Chicago,2024-02-25,Desktop,Debit Card,Standard,2023-2024
53,Male,80963.0,71,Groceries,Houston,2024-02-25,Mobile,Debit Card,Standard,2023-2024
40,Female,106652.0,14,Groceries,New York,2024-02-26,Mobile,Debit Card,Budget,2023-2024
63,Female,63596.0,52,Home Decor,Houston,2024-02-28,Mobile,Gift Card,Standard,2023-2024
21,Female,67638.0,35,Electronics,Miami,2024-02-28,Desktop,Debit Card,Budget,2023-2024
25,Female,62828.0,28,Home Decor,Los Angeles,2024-02-28,Mobile,Debit Card,Budget,2023-2024
50,Female,52779.0,70,Fashion,Boston,2024-02-29,Tablet,Debit Card,Budget,2023-2024
69,Male,88910.0,76,Books,Chicago,2024-03-01,Mobile,Gift Card,Standard,2023-2024
66,Male,101905.0,18,Sports,Miami,2024-03-01,Tablet,Debit Card,Budget,2023-2024
56,Male,148449.0,92,Home Decor,Los Angeles,2024-03-01,Mobile,PayPal,Premium,2023-2024
48,Female,113680.0,9,Sports,Miami,2024-03-02,Desktop,Credit Card,Budget,2023-2024
50,Female,50087.0,8,Home Decor,Los Angeles,2024-03-03,Desktop,Credit Card,Budget,2023-2024
45,Female,49426.0,17,Groceries,Seattle,2024-03-04,Tablet,Gift Card,Budget,2023-2024
62,Male,20619.0,36,Groceries,Miami,2024-03-05,Desktop,PayPal,Budget,2023-2024
67,Male,92588.0,22,Home Decor,Chicago,2024-03-06,Tablet,Debit Card,Budget,2023-2024
42,Male,39982.0,99,Fashion,Houston,2024-03-06,Mobile,Debit Card,Budget,2023-2024
51,Male,94696.0,63,Fashion,Chicago,2024-03-06,Mobile,Gift Card,Standard,2023-2024
49,Male,143191.0,64,Home Decor,Houston,2024-03-07,Tablet,Credit Card,Standard,2023-2024
22,Female,138218.0,82,Books,New York,2024-03-08,Desktop,Debit Card,Premium,2023-2024
26,Female,30225.0,89,Groceries,Los Angeles,2024-03-09,Desktop,Debit Card,Budget,2023-2024
58,Male,62652.0,3,Sports,Miami,2024-03-10,Mobile,PayPal,Budget,2023-2024
20,Female,72249.0,15,Groceries,Boston,2024-03-10,Desktop,Gift Card,Budget,2023-2024
32,Female,96242.0,52,Electronics,Chicago,2024-03-11,Desktop,Debit Card,Standard,2023-2024
33,Male,46015.0,32,Groceries,Los Angeles,2024-03-12,Desktop,Debit Card,Budget,2023-2024
40,Male,59882.0,79,Electronics,New York,2024-03-12,Desktop,PayPal,Budget,2023-2024
51,Male,29110.0,26,Books,New York,2024-03-12,Tablet,Debit Card,Budget,2023-2024
29,Male,87203.0,58,Electronics,Seattle,2024-03-12,Mobile,PayPal,Standard,2023-2024
23,Male,69153.0,24,Books,Houston,2024-03-12,Tablet,Gift Card,Budget,2023-2024
68,Male,144677.0,57,Electronics,Seattle,2024-03-12,Mobile,Credit Card,Standard,2023-2024
68,Female,144457.0,33,Home Decor,New York,2024-03-13,Tablet,Credit Card,Budget,2023-2024
52,Female,128295.0,41,Home Decor,Chicago,2024-03-15,Tablet,Gift Card,Standard,2023-2024
24,Female,73268.0,10,Electronics,Miami,2024-03-16,Desktop,Debit Card,Budget,2023-2024
18,Male,142907.0,20,Books,Boston,2024-03-18,Mobile,PayPal,Budget,2023-2024
62,Male,131279.0,21,Groceries,Los Angeles,2024-03-18,Tablet,PayPal,Budget,2023-2024
68,Female,102189.0,81,Books,Los Angeles,2024-03-19,Mobile,Gift Card,Premium,2023-2024
42,Female,145816.0,8,Sports,Boston,2024-03-20,Mobile,Gift Card,Budget,2023-2024
43,Male,97236.0,6,Sports,Chicago,2024-03-20,Desktop,PayPal,Budget,2023-2024
22,Female,145836.0,22,Books,Miami,2024-03-20,Mobile,Gift Card,Budget,2023-2024
36,Male,88011.0,68,Groceries,Miami,2024-03-20,Tablet,Gift Card,Standard,2023-2024
68,Male,112578.0,73,Fashion,Houston,2024-03-26,Desktop,Credit Card,Premium,2023-2024
48,Male,114242.0,27,Groceries,Miami,2024-03-26,Tablet,Gift Card,Budget,2023-2024
58,Female,57567.0,31,Electronics,Miami,2024-03-26,Tablet,Gift Card,Budget,2023-2024
31,Male,145511.0,17,Sports,Miami,2024-03-26,Mobile,Credit Card,Budget,2023-2024
19,Male,142413.0,8,Sports,Chicago,2024-03-28,Tablet,Credit Card,Budget,2023-2024
69,Female,57412.0,99,Sports,Houston,2024-03-28,Tablet,PayPal,Budget,2023-2024
52,Female,146879.0,21,Groceries,Miami,2024-03-28,Desktop,Gift Card,Budget,2023-2024
40,Female,81212.0,75,Home Decor,New York,2024-03-28,Mobile,Credit Card,Standard,2023-2024
51,Female,56877.0,50,Home Decor,Los Angeles,2024-03-31,Tablet,PayPal,Budget,2023-2024
50,Male,46630.0,75,Groceries,New York,2024-03-31,Desktop,PayPal,Budget,2023-2024
21,Male,54832.0,25,Fashion,Seattle,2024-03-31,Desktop,PayPal,Budget,2023-2024
65,Male,116999.0,70,Fashion,Los Angeles,2024-04-01,Mobile,Debit Card,Standard,2023-2024
27,Female,26570.0,21,Home Decor,Seattle,2024-04-01,Desktop,Credit Card,Budget,2023-2024
45,Female,126625.0,75,Sports,Houston,2024-04-01,Tablet,Debit Card,Premium,2023-2024
34,Female,120375.0,53,Electronics,New York,2024-04-01,Desktop,Gift Card,Standard,2023-2024
31,Female,140585.0,35,Home Decor,Los Angeles,2024-04-02,Tablet,Credit Card,Budget,2023-2024
42,Male,98249.0,30,Sports,Seattle,2024-04-02,Tablet,Credit Card,Budget,2023-2024
58,Female,149824.0,57,Home Decor,New York,2024-04-03,Tablet,Debit Card,Standard,2023-2024
40,Female,22920.0,98,Fashion,Seattle,2024-04-05,Mobile,Credit Card,Budget,2023-2024
41,Male,135886.0,81,Books,Chicago,2024-04-06,Mobile,PayPal,Premium,2023-2024
21,Female,98797.0,86,Groceries,Boston,2024-04-07,Mobile,PayPal,Standard,2023-2024
53,Male,74061.0,2,Electronics,Miami,2024-04-08,Desktop,Credit Card,Budget,2023-2024
52,Male,59030.0,16,Home Decor,Chicago,2024-04-08,Tablet,Debit Card,Budget,2023-2024
22,Male,33025.0,4,Fashion,Seattle,2024-04-09,Desktop,Gift Card,Budget,2023-2024
45,Male,59499.0,95,Sports,Chicago,2024-04-09,Desktop,Credit Card,Budget,2023-2024
52,Male,40953.0,93,Books,New York,2024-04-10,Mobile,Gift Card,Budget,2023-2024
29,Male,47420.0,10,Sports,Los Angeles,2024-04-11,Desktop,Credit Card,Budget,2023-2024
53,Male,125823.0,50,Fashion,Miami,2024-04-14,Tablet,Credit Card,Standard,2023-2024
25,Male,97539.0,74,Sports,Boston,2024-04-16,Tablet,PayPal,Standard,2023-2024
49,Male,37482.0,62,Electronics,Chicago,2024-04-16,Desktop,Credit Card,Budget,2023-2024
36,Male,121459.0,47,Groceries,Boston,2024-04-18,Mobile,Credit Card,Standard,2023-2024
47,Male,32857.0,32,Fashion,Los Angeles,2024-04-18,Desktop,Credit Card,Budget,2023-2024
41,Male,50561.0,16,Books,Houston,2024-04-20,Desktop,PayPal,Budget,2023-2024
66,Male,53174.0,25,Books,Los Angeles,2024-04-20,Tablet,Debit Card,Budget,2023-2024
69,Male,98916.0,76,Groceries,Miami,2024-04-22,Mobile,Gift Card,Standard,2023-2024
25,Male,68845.0,15,Home Decor,Chicago,2024-04-23,Tablet,Credit Card,Budget,2023-2024
50,Male,55946.0,35,Sports,Houston,2024-04-23,Mobile,Credit Card,Budget,2023-2024
20,Female,148748.0,14,Electronics,Chicago,2024-04-24,Tablet,Debit Card,Budget,2023-2024
49,Male,149478.0,79,Home Decor,Chicago,2024-04-24,Tablet,Gift Card,Premium,2023-2024
57,Female,66167.0,96,Home Decor,Los Angeles,2024-04-24,Tablet,Debit Card,Standard,2023-2024
46,Male,59443.0,83,Groceries,Houston,2024-04-24,Tablet,Gift Card,Budget,2023-2024
43,Female,88785.0,42,Fashion,Miami,2024-04-25,Tablet,Gift Card,Standard,2023-2024
47,Female,146609.0,9,Books,Seattle,2024-04-25,Desktop,Debit Card,Budget,2023-2024
62,Male,146969.0,11,Home Decor,Houston,2024-04-28,Desktop,PayPal,Budget,2023-2024
47,Male,73363.0,20,Home Decor,Los Angeles,2024-04-28,Mobile,Credit Card,Budget,2023-2024
60,Female,117543.0,29,Electronics,Boston,2024-04-29,Tablet,Debit Card,Budget,2023-2024
58,Female,103869.0,53,Books,Chicago,2024-04-30,Mobile,Debit Card,Standard,2023-2024
50,Male,100885.0,23,Fashion,Los Angeles,2024-04-30,Mobile,Debit Card,Budget,2023-2024
47,Female,75204.0,1,Fashion,New York,2024-04-30,Tablet,PayPal,Budget,2023-2024
30,Male,133942.0,44,Groceries,Miami,2024-05-01,Desktop,Debit Card,Standard,2023-2024
22,Male,141750.0,61,Groceries,Seattle,2024-05-02,Desktop,Gift Card,Standard,2023-2024
59,Female,87889.0,23,Sports,Chicago,2024-05-03,Tablet,PayPal,Budget,2023-2024
35,Male,80315.0,21,Electronics,Los Angeles,2024-05-03,Tablet,Debit Card,Budget,2023-2024
27,Male,99671.0,57,Books,Los Angeles,2024-05-04,Mobile,Gift Card,Standard,2023-2024
45,Male,84157.0,62,Groceries,Los Angeles,2024-05-04,Tablet,Gift Card,Standard,2023-2024
64,Female,94172.0,35,Groceries,Seattle,2024-05-04,Tablet,Credit Card,Budget,2023-2024
56,Female,99973.0,48,Fashion,Chicago,2024-05-05,Mobile,Gift Card,Standard,2023-2024
21,Male,74624.0,50,Sports,New York,2024-05-06,Desktop,Debit Card,Standard,2023-2024
49,Male,118656.0,86,Sports,Chicago,2024-05-06,Tablet,Debit Card,Premium,2023-2024
29,Male,127958.0,30,Home Decor,Miami,2024-05-07,Tablet,PayPal,Budget,2023-2024
64,Male,39816.0,69,Home Decor,Miami,2024-05-08,Desktop,Gift Card,Budget,2023-2024
49,Male,62229.0,93,Sports,Chicago,2024-05-08,Tablet,PayPal,Standard,2023-2024
28,Male,93609.0,60,Fashion,New York,2024-05-08,Mobile,PayPal,Standard,2023-2024
41,Female,112108.0,98,Home Decor,Houston,2024-05-09,Tablet,PayPal,Premium,2023-2024
25,Female,142901.0,32,Fashion,Houston,2024-05-09,Mobile,Debit Card,Budget,2023-2024
55,Male,37727.0,36,Books,Houston,2024-05-09,Mobile,Credit Card,Budget,2023-2024
66,Male,42431.0,89,Electronics,Chicago,2024-05-10,Tablet,Credit Card,Budget,2023-2024
39,Female,146503.0,55,Books,New York,2024-05-11,Tablet,Credit Card,Standard,2023-2024
53,Female,82046.0,15,Groceries,New York,2024-05-13,Tablet,Debit Card,Budget,2023-2024
61,Female,147556.0,84,Electronics,Chicago,2024-05-13,Tablet,PayPal,Premium,2023-2024
64,Male,84674.0,91,Groceries,Boston,2024-05-14,Tablet,Debit Card,Standard,2023-2024
19,Female,92541.0,12,Fashion,New York,2024-05-15,Tablet,Debit Card,Budget,2023-2024
20,Male,80233.0,12,Groceries,Miami,2024-05-15,Mobile,PayPal,Budget,2023-2024
50,Female,110827.0,12,Electronics,Boston,2024-05-16,Desktop,Gift Card,Budget,2023-2024
47,Male,35313.0,79,Electronics,Chicago,2024-05-16,Mobile,Credit Card,Budget,2023-2024
58,Female,48625.0,86,Groceries,New York,2024-05-16,Mobile,Debit Card,Budget,2023-2024
39,Male,20207.0,86,Fashion,Seattle,2024-05-16,Tablet,Credit Card,Budget,2023-2024
46,Female,103847.0,29,Fashion,Los Angeles,2024-05-17,Tablet,PayPal,Budget,2023-2024
50,Male,20661.0,4,Books,Seattle,2024-05-17,Mobile,Debit Card,Budget,2023-2024
27,Female,129834.0,42,Electronics,Boston,2024-05-17,Mobile,Debit Card,Standard,2023-2024
43,Male,138562.0,22,Groceries,Los Angeles,2024-05-19,Tablet,Gift Card,Budget,2023-2024
18,Male,46029.0,97,Fashion,Seattle,2024-05-21,Mobile,Gift Card,Budget,2023-2024
27,Male,82438.0,59,Electronics,Houston,2024-05-23,Desktop,Debit Card,Standard,2023-2024
54,Female,46723.0,31,Fashion,New York,2024-05-25,Desktop,Credit Card,Budget,2023-2024
52,Male,36082.0,65,Fashion,Los Angeles,2024-05-27,Mobile,Credit Card,Budget,2023-2024
55,Male,94137.0,82,Home Decor,Chicago,2024-05-27,Mobile,PayPal,Standard,2023-2024
46,Male,76503.0,48,Books,Chicago,2024-05-27,Desktop,Gift Card,Standard,2023-2024
39,Female,50027.0,58,Home Decor,Boston,2024-05-28,Mobile,Debit Card,Budget,2023-2024
69,Female,70677.0,45,Home Decor,Seattle,2024-05-28,Desktop,PayPal,Standard,2023-2024
43,Female,125314.0,60,Electronics,Chicago,2024-05-29,Mobile,Gift Card,Standard,2023-2024
68,Male,76446.0,85,Sports,Chicago,2024-05-29,Desktop,Gift Card,Standard,2023-2024
59,Female,28946.0,91,Sports,Seattle,2024-05-31,Tablet,Gift Card,Budget,2023-2024
53,Female,91719.0,76,Groceries,Chicago,2024-06-02,Mobile,Credit Card,Standard,2023-2024
53,Female,26012.0,66,Fashion,Los Angeles,2024-06-03,Tablet,Gift Card,Budget,2023-2024
37,Male,85838.0,70,Fashion,New York,2024-06-04,Tablet,Gift Card,Standard,2023-2024
25,Male,109152.0,69,Fashion,Los Angeles,2024-06-04,Tablet,PayPal,Standard,2023-2024
57,Male,30106.0,85,Home Decor,New York,2024-06-04,Desktop,Credit Card,Budget,2023-2024
41,Male,75230.0,9,Groceries,Los Angeles,2024-06-08,Desktop,Debit Card,Budget,2023-2024
62,Male,124061.0,82,Home Decor,Houston,2024-06-08,Desktop,Debit Card,Premium,2023-2024
38,Male,132992.0,73,Electronics,Houston,2024-06-09,Tablet,Gift Card,Premium,2023-2024
54,Male,119911.0,52,Sports,Seattle,2024-06-09,Tablet,PayPal,Standard,2023-2024
46,Male,147335.0,66,Groceries,Los Angeles,2024-06-09,Tablet,Credit Card,Standard,2023-2024
49,Male,47598.0,11,Home Decor,Chicago,2024-06-10,Desktop,Credit Card,Budget,2023-2024
42,Female,24760.0,94,Sports,Seattle,2024-06-11,Tablet,Debit Card,Budget,2023-2024
66,Female,101537.0,92,Fashion,Los Angeles,2024-06-11,Tablet,Gift Card,Premium,2023-2024
55,Male,71924.0,43,Books,Houston,2024-06-13,Desktop,PayPal,Standard,2023-2024
63,Male,36309.0,13,Groceries,Miami,2024-06-15,Desktop,Gift Card,Budget,2023-2024
28,Male,31303.0,33,Books,Miami,2024-06-15,Mobile,Debit Card,Budget,2023-2024
60,Female,39975.0,19,Fashion,Boston,2024-06-15,Tablet,PayPal,Budget,2023-2024
65,Female,108204.0,87,Books,Houston,2024-06-16,Tablet,Credit Card,Premium,2023-2024
41,Male,24358.0,81,Sports,Boston,2024-06-16,Desktop,Debit Card,Budget,2023-2024
66,Male,25655.0,60,Books,New York,2024-06-16,Desktop,Debit Card,Budget,2023-2024
28,Male,34210.0,35,Books,Houston,2024-06-17,Mobile,Debit Card,Budget,2023-2024
54,Male,101929.0,99,Electronics,Miami,2024-06-20,Tablet,Credit Card,Premium,2023-2024
26,Female,81272.0,70,Home Decor,Boston,2024-06-21,Desktop,Gift Card,Standard,2023-2024
41,Female,20281.0,14,Sports,Miami,2024-06-21,Mobile,Debit Card,Budget,2023-2024
47,Female,101941.0,13,Electronics,Boston,2024-06-22,Mobile,PayPal,Budget,2023-2024
66,Female,73625.0,28,Home Decor,Houston,2024-06-23,Desktop,Gift Card,Budget,2023-2024
58,Female,120732.0,40,Groceries,Boston,2024-06-23,Tablet,Debit Card,Budget,2023-2024
62,Male,118818.0,29,Home Decor,Chicago,2024-06-23,Desktop,Gift Card,Budget,2023-2024
26,Male,148647.0,90,Books,Boston,2024-06-23,Mobile,Debit Card,Premium,2023-2024
58,Female,99141.0,57,Electronics,New York,2024-06-24,Desktop,Credit Card,Standard,2023-2024
44,Male,145541.0,52,Fashion,Chicago,2024-06-25,Tablet,Gift Card,Standard,2023-2024
49,Female,132302.0,92,Sports,Los Angeles,2024-06-25,Mobile,Credit Card,Premium,2023-2024
60,Female,111302.0,41,Electronics,Seattle,2024-06-26,Desktop,Credit Card,Standard,2023-2024
52,Male,115317.0,67,Home Decor,Boston,2024-06-27,Tablet,Credit Card,Standard,2023-2024
44,Male,109186.0,52,Electronics,Los Angeles,2024-06-27,Tablet,Gift Card,Standard,2023-2024
54,Female,47424.0,91,Sports,Los Angeles,2024-06-29,Tablet,Credit Card,Budget,2023-2024
44,Female,71756.0,26,Groceries,Houston,2024-06-29,Mobile,Gift Card,Budget,2023-2024
35,Male,33669.0,68,Sports,Boston,2024-06-30,Mobile,Credit Card,Budget,2023-2024
41,Male,132831.0,31,Books,Chicago,2024-06-30,Tablet,PayPal,Budget,2023-2024
45,Female,145703.0,88,Electronics,Chicago,2024-06-30,Mobile,Debit Card,Premium,2023-2024
45,Female,72579.0,19,Sports,Houston,2024-07-01,Desktop,Debit Card,Budget,2023-2024
52,Male,109393.0,32,Sports,New York,2024-07-04,Mobile,Debit Card,Budget,2023-2024
35,Female,47213.0,73,Sports,Miami,2024-07-04,Mobile,PayPal,Budget,2023-2024
43,Male,26638.0,71,Sports,Seattle,2024-07-04,Desktop,Gift Card,Budget,2023-2024
57,Female,69930.0,64,Fashion,Chicago,2024-07-06,Desktop,Debit Card,Standard,2023-2024
48,Male,108789.0,25,Fashion,Houston,2024-07-07,Tablet,PayPal,Budget,2023-2024
63,Male,94069.0,76,Electronics,Los Angeles,2024-07-08,Desktop,Debit Card,Standard,2023-2024
68,Male,106365.0,47,Books,Boston,2024-07-10,Desktop,Credit Card,Standard,2023-2024
66,Male,125111.0,91,Home Decor,Chicago,2024-07-12,Tablet,Debit Card,Premium,2023-2024
61,Male,54531.0,45,Groceries,Seattle,2024-07-12,Desktop,Debit Card,Budget,2023-2024
64,Male,112241.0,52,Fashion,Miami,2024-07-13,Tablet,Debit Card,Standard,2023-2024
18,Male,87278.0,24,Electronics,New York,2024-07-15,Tablet,Gift Card,Budget,2023-2024
66,Male,26441.0,33,Fashion,Seattle,2024-07-17,Desktop,Debit Card,Budget,2023-2024
46,Male,137428.0,68,Electronics,Miami,2024-07-17,Tablet,Debit Card,Standard,2023-2024
60,Male,132863.0,21,Electronics,Boston,2024-07-19,Tablet,Gift Card,Budget,2023-2024
41,Female,118393.0,15,Books,Miami,2024-07-19,Tablet,Credit Card,Budget,2023-2024
59,Male,73331.0,65,Groceries,Miami,2024-07-21,Mobile,PayPal,Standard,2023-2024
54,Male,148782.0,21,Groceries,Houston,2024-07-21,Mobile,Debit Card,Budget,2023-2024
23,Female,100758.0,63,Fashion,Houston,2024-07-21,Tablet,Gift Card,Standard,2023-2024
42,Female,124386.0,85,Sports,New York,2024-07-23,Mobile,Debit Card,Premium,2023-2024
61,Male,103624.0,52,Home Decor,Miami,2024-07-23,Mobile,Gift Card,Standard,2023-2024
19,Male,144165.0,97,Fashion,Los Angeles,2024-07-24,Tablet,Gift Card,Premium,2023-2024
40,Male,108009.0,43,Sports,Houston,2024-07-25,Desktop,PayPal,Standard,2023-2024
27,Female,68713.0,23,Groceries,Chicago,2024-07-25,Mobile,Credit Card,Budget,2023-2024
58,Female,102197.0,68,Fashion,Seattle,2024-07-26,Mobile,Credit Card,Standard,2023-2024
31,Male,125865.0,88,Books,Los Angeles,2024-07-26,Tablet,Credit Card,Premium,2023-2024
56,Female,43821.0,83,Books,Los Angeles,2024-07-28,Desktop,PayPal,Budget,2023-2024
38,Female,96666.0,72,Fashion,Houston,2024-07-29,Desktop,PayPal,Standard,2023-2024
21,Male,146888.0,75,Electronics,Los Angeles,2024-07-29,Tablet,Gift Card,Premium,2023-2024
66,Female,62240.0,93,Sports,Chicago,2024-07-29,Desktop,PayPal,Standard,2023-2024
28,Female,95897.0,40,Fashion,Boston,2024-07-31,Tablet,Credit Card,Budget,2023-2024
29,Female,125284.0,44,Sports,Los Angeles,2024-08-01,Mobile,PayPal,Standard,2023-2024
32,Female,147331.0,6,Groceries,Seattle,2024-08-01,Mobile,Gift Card,Budget,2023-2024
37,Male,98714.0,95,Sports,Los Angeles,2024-08-02,Desktop,PayPal,Standard,2023-2024
20,Male,134187.0,68,Sports,Chicago,2024-08-02,Mobile,Credit Card,Standard,2023-2024
62,Male,106475.0,9,Books,Seattle,2024-08-03,Tablet,Credit Card,Budget,2023-2024
38,Male,51401.0,76,Fashion,Chicago,2024-08-04,Desktop,Credit Card,Budget,2023-2024
21,Female,103194.0,85,Books,Miami,2024-08-04,Desktop,Credit Card,Premium,2023-2024
68,Male,30756.0,9,Sports,Boston,2024-08-05,Mobile,PayPal,Budget,2023-2024
59,Female,118317.0,97,Electronics,Chicago,2024-08-05,Mobile,Credit Card,Premium,2023-2024
31,Female,111659.0,66,Books,Miami,2024-08-06,Tablet,Debit Card,Standard,2023-2024
18,Male,38743.0,94,Books,Houston,2024-08-06,Desktop,PayPal,Budget,2023-2024
50,Female,141999.0,21,Fashion,Los Angeles,2024-08-07,Mobile,Credit Card,Budget,2023-2024
54,Female,111736.0,50,Sports,Chicago,2024-08-08,Mobile,Credit Card,Standard,2023-2024
34,Male,52117.0,52,Electronics,Houston,2024-08-08,Mobile,Gift Card,Budget,2023-2024
69,Female,104976.0,52,Fashion,Miami,2024-08-11,Tablet,Gift Card,Standard,2023-2024
43,Female,125730.0,54,Electronics,Boston,2024-08-12,Desktop,Gift Card,Standard,2023-2024
44,Female,38639.0,99,Electronics,Houston,2024-08-13,Desktop,PayPal,Budget,2023-2024
43,Male,111357.0,68,Groceries,Boston,2024-08-13,Desktop,Credit Card,Standard,2023-2024
54,Male,49241.0,62,Sports,Boston,2024-08-14,Tablet,PayPal,Budget,2023-2024
40,Male,91652.0,57,Books,Houston,2024-08-15,Mobile,PayPal,Standard,2023-2024
41,Female,83888.0,93,Electronics,Miami,2024-08-15,Mobile,Debit Card,Standard,2023-2024
59,Male,148232.0,10,Fashion,Seattle,2024-08-16,Mobile,Credit Card,Budget,2023-2024
22,Female,108700.0,89,Home Decor,Boston,2024-08-16,Desktop,Credit Card,Premium,2023-2024
54,Male,71886.0,24,Fashion,Seattle,2024-08-17,Desktop,PayPal,Budget,2023-2024
56,Female,42042.0,5,Fashion,Seattle,2024-08-17,Mobile,Credit Card,Budget,2023-2024
54,Female,56378.0,86,Sports,Miami,2024-08-19,Desktop,PayPal,Budget,2023-2024
60,Female,92982.0,6,Electronics,Seattle,2024-08-19,Tablet,Credit Card,Budget,2023-2024
31,Male,145654.0,15,Electronics,Houston,2024-08-20,Mobile,PayPal,Budget,2023-2024
52,Male,30526.0,22,Books,Miami,2024-08-21,Tablet,Debit Card,Budget,2023-2024
46,Male,51910.0,14,Sports,Miami,2024-08-21,Tablet,Debit Card,Budget,2023-2024
58,Female,55631.0,33,Books,Miami,2024-08-21,Mobile,Debit Card,Budget,2023-2024
64,Female,119983.0,17,Groceries,Chicago,2024-08-23,Desktop,PayPal,Budget,2023-2024
34,Male,137440.0,6,Electronics,Chicago,2024-08-23,Tablet,PayPal,Budget,2023-2024
29,Female,21239.0,33,Books,Seattle,2024-08-23,Tablet,Gift Card,Budget,2023-2024
50,Male,41427.0,11,Groceries,Houston,2024-08-24,Tablet,PayPal,Budget,2023-2024
18,Female,48541.0,60,Books,Seattle,2024-08-25,Desktop,Debit Card,Budget,2023-2024
30,Female,54084.0,82,Sports,Los Angeles,2024-08-25,Tablet,Debit Card,Budget,2023-2024
23,Female,130198.0,39,Electronics,Chicago,2024-08-27,Desktop,PayPal,Budget,2023-2024
18,Female,65539.0,32,Books,Boston,2024-08-28,Tablet,PayPal,Budget,2023-2024
46,Male,145991.0,65,Electronics,Miami,2024-08-30,Desktop,Gift Card,Standard,2023-2024
51,Female,91031.0,70,Sports,Miami,2024-08-30,Mobile,Credit Card,Standard,2023-2024
22,Male,99530.0,49,Books,Houston,2024-08-30,Tablet,Gift Card,Standard,2023-2024
33,Male,117955.0,16,Books,Miami,2024-08-31,Tablet,Debit Card,Budget,2023-2024
61,Female,148386.0,53,Fashion,New York,2024-09-01,Tablet,Gift Card,Standard,2024-2025
50,Female,122215.0,18,Home Decor,Chicago,2024-09-01,Desktop,Credit Card,Budget,2024-2025
59,Female,76549.0,96,Electronics,Houston,2024-09-01,Tablet,PayPal,Standard,2024-2025
69,Male,29108.0,8,Home Decor,Houston,2024-09-02,Desktop,PayPal,Budget,2024-2025
38,Male,61621.0,51,Sports,Seattle,2024-09-02,Mobile,Credit Card,Standard,2024-2025
25,Male,26471.0,40,Sports,Los Angeles,2024-09-02,Tablet,Gift Card,Budget,2024-2025
37,Male,61688.0,58,Groceries,Seattle,2024-09-03,Mobile,PayPal,Standard,2024-2025
41,Male,102970.0,9,Home Decor,Miami,2024-09-05,Tablet,PayPal,Budget,2024-2025
30,Male,85128.0,99,Home Decor,Seattle,2024-09-06,Desktop,Credit Card,Standard,2024-2025
52,Female,22356.0,25,Home Decor,Miami,2024-09-08,Mobile,Debit Card,Budget,2024-2025
27,Female,51575.0,95,Books,Boston,2024-09-09,Mobile,Gift Card,Budget,2024-2025
58,Male,90326.0,8,Sports,Los Angeles,2024-09-10,Mobile,Gift Card,Budget,2024-2025
61,Female,100395.0,20,Groceries,New York,2024-09-11,Tablet,Debit Card,Budget,2024-2025
54,Female,112447.0,58,Groceries,Miami,2024-09-11,Desktop,Credit Card,Standard,2024-2025
25,Male,147118.0,55,Books,Los Angeles,2024-09-12,Desktop,Debit Card,Standard,2024-2025
59,Female,117624.0,68,Electronics,Boston,2024-09-12,Tablet,Gift Card,Standard,2024-2025
45,Male,57650.0,60,Books,Miami,2024-09-13,Desktop,PayPal,Budget,2024-2025
33,Female,68787.0,36,Home Decor,Miami,2024-09-15,Tablet,Gift Card,Budget,2024-2025
57,Female,75826.0,23,Books,Houston,2024-09-17,Desktop,Gift Card,Budget,2024-2025
18,Female,133092.0,92,Home Decor,Miami,2024-09-17,Desktop,Credit Card,Premium,2024-2025
49,Male,135395.0,20,Electronics,Houston,2024-09-18,Desktop,Credit Card,Budget,2024-2025
32,Female,101958.0,36,Home Decor,Chicago,2024-09-18,Desktop,Gift Card,Budget,2024-2025
23,Male,93794.0,45,Electronics,New York,2024-09-19,Mobile,PayPal,Standard,2024-2025
56,Female,141805.0,70,Groceries,Chicago,2024-09-19,Mobile,Debit Card,Standard,2024-2025
31,Male,143395.0,40,Electronics,Seattle,2024-09-20,Mobile,PayPal,Budget,2024-2025
40,Female,49257.0,41,Sports,Houston,2024-09-20,Mobile,PayPal,Budget,2024-2025
34,Male,53062.0,91,Fashion,New York,2024-09-21,Mobile,Debit Card,Budget,2024-2025
37,Male,134793.0,28,Fashion,Seattle,2024-09-22,Desktop,PayPal,Budget,2024-2025
42,Female,99561.0,46,Home Decor,New York,2024-09-22,Mobile,Gift Card,Standard,2024-2025
49,Male,53756.0,21,Sports,New York,2024-09-22,Mobile,Gift Card,Budget,2024-2025
69,Male,94663.0,41,Sports,New York,2024-09-22,Desktop,Debit Card,Standard,2024-2025
67,Female,72269.0,25,Sports,Seattle,2024-09-23,Mobile,Gift Card,Budget,2024-2025
21,Male,103360.0,85,Home Decor,Los Angeles,2024-09-24,Mobile,Credit Card,Premium,2024-2025
34,Female,137867.0,14,Fashion,Boston,2024-09-24,Mobile,Gift Card,Budget,2024-2025
52,Male,43171.0,34,Sports,Los Angeles,2024-09-24,Desktop,Debit Card,Budget,2024-2025
48,Female,93379.0,12,Electronics,Miami,2024-09-26,Desktop,Debit Card,Budget,2024-2025
56,Male,52981.0,10,Sports,Miami,2024-09-27,Mobile,PayPal,Budget,2024-2025
32,Female,29516.0,30,Books,Houston,2024-09-28,Mobile,PayPal,Budget,2024-2025
19,Male,85661.0,70,Groceries,Chicago,2024-09-28,Mobile,Gift Card,Standard,2024-2025
69,Male,105553.0,1,Books,Chicago,2024-09-29,Tablet,PayPal,Budget,2024-2025
33,Female,36456.0,11,Books,Houston,2024-09-30,Mobile,Credit Card,Budget,2024-2025
66,Male,40049.0,1,Groceries,Los Angeles,2024-09-30,Tablet,Debit Card,Budget,2024-2025
31,Male,130022.0,99,Electronics,Boston,2024-10-01,Desktop,PayPal,Premium,2024-2025
33,Male,116059.0,94,Sports,Seattle,2024-10-01,Tablet,Gift Card,Premium,2024-2025
19,Female,88619.0,72,Home Decor,Los Angeles,2024-10-02,Desktop,Gift Card,Standard,2024-2025
55,Female,111658.0,71,Sports,Los Angeles,2024-10-03,Desktop,PayPal,Premium,2024-2025
29,Male,112152.0,4,Groceries,Boston,2024-10-04,Desktop,PayPal,Budget,2024-2025
20,Female,31745.0,16,Books,Chicago,2024-10-04,Mobile,Gift Card,Budget,2024-2025
58,Male,44596.0,69,Sports,Chicago,2024-10-05,Tablet,Credit Card,Budget,2024-2025
53,Male,148335.0,87,Sports,Seattle,2024-10-05,Mobile,Credit Card,Premium,2024-2025
65,Male,43196.0,33,Books,Houston,2024-10-05,Desktop,Credit Card,Budget,2024-2025
28,Female,52556.0,69,Sports,Houston,2024-10-05,Mobile,PayPal,Budget,2024-2025
18,Female,42015.0,21,Sports,Chicago,2024-10-06,Desktop,Gift Card,Budget,2024-2025
52,Male,86024.0,85,Electronics,Chicago,2024-10-07,Desktop,Debit Card,Standard,2024-2025
69,Male,123537.0,84,Electronics,Los Angeles,2024-10-09,Mobile,PayPal,Premium,2024-2025
28,Male,149749.0,87,Home Decor,Houston,2024-10-09,Desktop,Gift Card,Premium,2024-2025
45,Male,83416.0,90,Electronics,Boston,2024-10-10,Desktop,Gift Card,Standard,2024-2025
43,Female,70115.0,47,Electronics,New York,2024-10-10,Mobile,PayPal,Standard,2024-2025
49,Female,46916.0,30,Home Decor,Chicago,2024-10-11,Tablet,Debit Card,Budget,2024-2025
33,Male,70108.0,30,Home Decor,Miami,2024-10-11,Desktop,Credit Card,Budget,2024-2025
68,Female,40103.0,86,Home Decor,Los Angeles,2024-10-11,Tablet,PayPal,Budget,2024-2025
49,Female,56451.0,59,Books,Chicago,2024-10-12,Desktop,Debit Card,Budget,2024-2025
64,Male,114880.0,87,Electronics,Miami,2024-10-15,Desktop,PayPal,Premium,2024-2025
23,Male,119986.0,85,Home Decor,Seattle,2024-10-16,Tablet,Debit Card,Premium,2024-2025
23,Male,58158.0,52,Electronics,New York,2024-10-17,Mobile,PayPal,Budget,2024-2025
33,Female,93770.0,63,Fashion,Los Angeles,2024-10-17,Tablet,Credit Card,Standard,2024-2025
19,Female,126493.0,52,Home Decor,Miami,2024-10-17,Desktop,PayPal,Standard,2024-2025
47,Male,135788.0,19,Groceries,New York,2024-10-19,Tablet,PayPal,Budget,2024-2025
29,Female,69153.0,36,Electronics,Boston,2024-10-19,Mobile,Debit Card,Budget,2024-2025
63,Female,119304.0,72,Home Decor,Houston,2024-10-20,Mobile,Debit Card,Premium,2024-2025
61,Female,25626.0,82,Fashion,Boston,2024-10-20,Mobile,PayPal,Budget,2024-2025
37,Female,49371.0,94,Groceries,Seattle,2024-10-20,Tablet,PayPal,Budget,2024-2025
29,Female,43499.0,21,Fashion,Chicago,2024-10-20,Desktop,Debit Card,Budget,2024-2025
64,Female,116214.0,7,Fashion,New York,2024-10-20,Mobile,PayPal,Budget,2024-2025
32,Male,117768.0,52,Home Decor,Chicago,2024-10-21,Mobile,Debit Card,Standard,2024-2025
58,Female,62668.0,73,Sports,Boston,2024-10-21,Desktop,Gift Card,Standard,2024-2025
50,Male,43398.0,10,Home Decor,Boston,2024-10-21,Mobile,Credit Card,Budget,2024-2025
45,Male,127522.0,3,Fashion,Miami,2024-10-22,Mobile,Credit Card,Budget,2024-2025
45,Male,46292.0,82,Electronics,Seattle,2024-10-22,Tablet,Debit Card,Budget,2024-2025
37,Female,111155.0,92,Electronics,Los Angeles,2024-10-24,Tablet,PayPal,Premium,2024-2025
65,Female,21560.0,43,Groceries,Los Angeles,2024-10-24,Desktop,PayPal,Budget,2024-2025
22,Female,29435.0,47,Home Decor,Seattle,2024-10-25,Desktop,PayPal,Budget,2024-2025
61,Male,143629.0,63,Sports,Houston,2024-10-25,Mobile,PayPal,Standard,2024-2025
25,Male,65379.0,9,Groceries,Los Angeles,2024-10-25,Mobile,PayPal,Budget,2024-2025
55,Male,53662.0,2,Home Decor,Boston,2024-10-26,Desktop,PayPal,Budget,2024-2025
22,Male,54068.0,58,Groceries,Houston,2024-10-26,Tablet,Gift Card,Budget,2024-2025
50,Female,31536.0,17,Books,Seattle,2024-10-26,Mobile,Debit Card,Budget,2024-2025
55,Male,49301.0,83,Electronics,Boston,2024-10-27,Desktop,Credit Card,Budget,2024-2025
18,Male,130641.0,6,Electronics,Chicago,2024-10-28,Desktop,Debit Card,Budget,2024-2025
39,Female,101871.0,58,Groceries,Los Angeles,2024-10-28,Mobile,PayPal,Standard,2024-2025
62,Male,123896.0,36,Fashion,Miami,2024-10-29,Desktop,Debit Card,Budget,2024-2025
20,Male,112059.0,8,Sports,Houston,2024-10-30,Tablet,Debit Card,Budget,2024-2025
24,Female,71195.0,5,Sports,Los Angeles,2024-10-31,Mobile,Debit Card,Budget,2024-2025
23,Male,37625.0,92,Electronics,Houston,2024-10-31,Desktop,Gift Card,Budget,2024-2025
18,Female,113106.0,73,Books,Miami,2024-10-31,Desktop,Gift Card,Premium,2024-2025
36,Male,99148.0,37,Fashion,Houston,2024-10-31,Desktop,Credit Card,Budget,2024-2025
35,Male,74302.0,45,Books,Los Angeles,2024-11-02,Tablet,PayPal,Standard,2024-2025
66,Female,21177.0,4,Groceries,Los Angeles,2024-11-02,Tablet,Debit Card,Budget,2024-2025
19,Male,88388.0,42,Groceries,Seattle,2024-11-03,Desktop,Gift Card,Standard,2024-2025
42,Male,33760.0,78,Electronics,Chicago,2024-11-05,Mobile,Debit Card,Budget,2024-2025
42,Male,134014.0,75,Home Decor,Boston,2024-11-05,Desktop,PayPal,Premium,2024-2025
37,Male,51585.0,54,Sports,Houston,2024-11-05,Tablet,Credit Card,Budget,2024-2025
45,Female,88760.0,86,Sports,Los Angeles,2024-11-06,Mobile,Credit Card,Standard,2024-2025
41,Female,24703.0,24,Books,Miami,2024-11-06,Tablet,Credit Card,Budget,2024-2025
53,Female,92430.0,76,Books,Seattle,2024-11-06,Mobile,Credit Card,Standard,2024-2025
26,Female,99134.0,98,Fashion,Seattle,2024-11-07,Tablet,Credit Card,Standard,2024-2025
43,Male,139891.0,34,Books,Chicago,2024-11-08,Mobile,PayPal,Budget,2024-2025
39,Female,149839.0,67,Home Decor,Houston,2024-11-09,Mobile,Debit Card,Standard,2024-2025
55,Female,141332.0,77,Electronics,Seattle,2024-11-10,Tablet,Debit Card,Premium,2024-2025
59,Female,77056.0,34,Books,Seattle,2024-11-10,Mobile,PayPal,Budget,2024-2025
42,Female,125228.0,62,Fashion,Boston,2024-11-11,Desktop,PayPal,Standard,2024-2025
43,Male,66479.0,38,Groceries,Seattle,2024-11-11,Desktop,Debit Card,Budget,2024-2025
48,Male,56041.0,46,Sports,Seattle,2024-11-12,Mobile,PayPal,Budget,2024-2025
64,Male,130169.0,40,Home Decor,New York,2024-11-12,Mobile,Gift Card,Budget,2024-2025
22,Female,120737.0,87,Electronics,Seattle,2024-11-12,Desktop,Gift Card,Premium,2024-2025
26,Male,123754.0,99,Groceries,Miami,2024-11-13,Desktop,Debit Card,Premium,2024-2025
43,Male,89350.0,57,Sports,Miami,2024-11-15,Mobile,Debit Card,Standard,2024-2025
33,Female,50015.0,58,Fashion,Seattle,2024-11-16,Tablet,Gift Card,Budget,2024-2025
22,Female,105150.0,15,Sports,Miami,2024-11-18,Tablet,Debit Card,Budget,2024-2025
20,Female,30754.0,82,Electronics,Miami,2024-11-19,Tablet,Gift Card,Budget,2024-2025
33,Female,46958.0,46,Electronics,Seattle,2024-11-19,Desktop,Debit Card,Budget,2024-2025
68,Female,68874.0,12,Sports,Houston,2024-11-19,Tablet,Credit Card,Budget,2024-2025
66,Male,25249.0,47,Electronics,Los Angeles,2024-11-20,Desktop,Credit Card,Budget,2024-2025
26,Female,65004.0,13,Home Decor,Boston,2024-11-20,Tablet,Gift Card,Budget,2024-2025
58,Female,53320.0,94,Sports,New York,2024-11-21,Tablet,Gift Card,Budget,2024-2025
30,Male,96329.0,2,Books,Chicago,2024-11-25,Desktop,PayPal,Budget,2024-2025
18,Female,68290.0,63,Sports,Seattle,2024-11-26,Mobile,PayPal,Standard,2024-2025
67,Male,90587.0,61,Books,Los Angeles,2024-11-26,Mobile,Debit Card,Standard,2024-2025
42,Male,100818.0,10,Sports,Los Angeles,2024-11-27,Desktop,Gift Card,Budget,2024-2025
48,Female,89967.0,68,Books,New York,2024-11-29,Mobile,Gift Card,Standard,2024-2025
18,Female,149265.0,78,Fashion,Miami,2024-12-01,Tablet,PayPal,Premium,2024-2025
66,Male,35251.0,34,Sports,Houston,2024-12-01,Tablet,Debit Card,Budget,2024-2025
61,Male,73551.0,9,Sports,Boston,2024-12-01,Mobile,Gift Card,Budget,2024-2025
64,Female,143782.0,90,Books,Seattle,2024-12-01,Desktop,Credit Card,Premium,2024-2025
40,Female,118936.0,91,Electronics,Miami,2024-12-02,Tablet,Gift Card,Premium,2024-2025
54,Female,123482.0,70,Electronics,Miami,2024-12-05,Mobile,PayPal,Standard,2024-2025
41,Male,71501.0,41,Electronics,Boston,2024-12-06,Tablet,Debit Card,Standard,2024-2025
53,Male,45849.0,37,Fashion,Boston,2024-12-07,Desktop,Credit Card,Budget,2024-2025
38,Female,129326.0,1,Fashion,Houston,2024-12-07,Desktop,Gift Card,Budget,2024-2025
66,Male,51890.0,56,Electronics,Chicago,2024-12-07,Mobile,Credit Card,Budget,2024-2025
45,Female,108733.0,34,Home Decor,New York,2024-12-07,Mobile,Debit Card,Budget,2024-2025
31,Male,46289.0,21,Groceries,Miami,2024-12-07,Tablet,Gift Card,Budget,2024-2025
43,Male,35398.0,88,Electronics,Miami,2024-12-08,Mobile,PayPal,Budget,2024-2025
42,Male,130448.0,98,Sports,Seattle,2024-12-08,Mobile,Gift Card,Premium,2024-2025
27,Female,96153.0,53,Fashion,Los Angeles,2024-12-09,Tablet,Debit Card,Standard,2024-2025
36,Male,126661.0,83,Groceries,Chicago,2024-12-10,Mobile,Credit Card,Premium,2024-2025
49,Male,94318.0,17,Fashion,Seattle,2024-12-10,Desktop,Credit Card,Budget,2024-2025
43,Male,137181.0,88,Books,Chicago,2024-12-10,Tablet,PayPal,Premium,2024-2025
23,Male,86672.0,82,Groceries,Los Angeles,2024-12-11,Tablet,Credit Card,Standard,2024-2025
57,Female,115756.0,82,Groceries,Houston,2024-12-11,Tablet,PayPal,Premium,2024-2025
66,Male,53130.0,23,Groceries,Seattle,2024-12-12,Tablet,Credit Card,Budget,2024-2025
21,Female,141787.0,65,Groceries,Chicago,2024-12-12,Tablet,Debit Card,Standard,2024-2025
45,Female,147844.0,39,Sports,Chicago,2024-12-12,Mobile,Gift Card,Budget,2024-2025
37,Female,27424.0,45,Fashion,Miami,2024-12-14,Mobile,Credit Card,Budget,2024-2025
30,Female,74691.0,90,Fashion,New York,2024-12-14,Tablet,Gift Card,Standard,2024-2025
44,Male,77784.0,14,Sports,New York,2024-12-15,Tablet,Debit Card,Budget,2024-2025
57,Female,53997.0,84,Fashion,Chicago,2024-12-15,Desktop,PayPal,Budget,2024-2025
37,Female,128737.0,98,Home Decor,Seattle,2024-12-15,Mobile,Debit Card,Premium,2024-2025
69,Male,149410.0,48,Fashion,New York,2024-12-16,Tablet,Credit Card,Standard,2024-2025
40,Male,65350.0,45,Electronics,New York,2024-12-20,Desktop,Debit Card,Standard,2024-2025
24,Female,59891.0,25,Fashion,Chicago,2024-12-20,Desktop,Debit Card,Budget,2024-2025
25,Female,51367.0,64,Sports,Seattle,2024-12-21,Desktop,Credit Card,Budget,2024-2025
42,Male,68364.0,80,Groceries,Chicago,2024-12-21,Mobile,PayPal,Standard,2024-2025
43,Male,121660.0,4,Books,Seattle,2024-12-21,Tablet,Debit Card,Budget,2024-2025
63,Female,134474.0,7,Home Decor,Houston,2024-12-22,Mobile,PayPal,Budget,2024-2025
28,Female,139735.0,84,Fashion,Houston,2024-12-22,Desktop,Gift Card,Premium,2024-2025
67,Male,23712.0,6,Sports,Houston,2024-12-23,Tablet,Gift Card,Budget,2024-2025
22,Female,38309.0,89,Electronics,Boston,2024-12-23,Mobile,Credit Card,Budget,2024-2025
62,Male,53142.0,76,Fashion,Houston,2024-12-24,Mobile,Gift Card,Budget,2024-2025
38,Female,111055.0,21,Sports,Los Angeles,2024-12-24,Mobile,PayPal,Budget,2024-2025
38,Female,135262.0,63,Fashion,Miami,2024-12-30,Tablet,PayPal,Standard,2024-2025
46,Male,33507.0,45,Sports,Chicago,2024-12-30,Tablet,Gift Card,Budget,2024-2025
44,Male,115081.0,27,Electronics,New York,2024-12-31,Desktop,Gift Card,Budget,2024-2025
19,Female,71027.0,88,Sports,New York,2024-12-31,Mobile,Debit Card,Standard,2024-2025
39,Female,86435.0,22,Home Decor,New York,2025-01-03,Desktop,Credit Card,Budget,2024-2025
24,Female,92099.0,26,Books,Seattle,2025-01-04,Desktop,Credit Card,Budget,2024-2025
41,Male,147445.0,83,Home Decor,Chicago,2025-01-05,Mobile,Debit Card,Premium,2024-2025
29,Female,148803.0,99,Books,Chicago,2025-01-06,Tablet,Credit Card,Premium,2024-2025
18,Female,79182.0,25,Sports,New York,2025-01-06,Tablet,PayPal,Budget,2024-2025
41,Male,106231.0,23,Groceries,Seattle,2025-01-07,Desktop,Gift Card,Budget,2024-2025
33,Female,70069.0,32,Fashion,Chicago,2025-01-08,Mobile,Debit Card,Budget,2024-2025
45,Male,112653.0,98,Electronics,Chicago,2025-01-08,Tablet,PayPal,Premium,2024-2025
68,Female,125899.0,14,Fashion,New York,2025-01-10,Mobile,PayPal,Budget,2024-2025
65,Female,94441.0,78,Sports,Houston,2025-01-12,Mobile,PayPal,Standard,2024-2025
28,Male,105708.0,99,Electronics,Los Angeles,2025-01-15,Mobile,Credit Card,Premium,2024-2025
54,Male,145133.0,49,Fashion,Miami,2025-01-16,Mobile,Credit Card,Standard,2024-2025
25,Female,27151.0,73,Home Decor,Boston,2025-01-16,Desktop,PayPal,Budget,2024-2025
56,Female,121757.0,56,Groceries,Los Angeles,2025-01-17,Desktop,Credit Card,Standard,2024-2025
43,Male,20956.0,34,Fashion,Boston,2025-01-18,Tablet,PayPal,Budget,2024-2025
45,Male,85429.0,67,Fashion,Boston,2025-01-23,Tablet,Credit Card,Standard,2024-2025
40,Male,146753.0,24,Books,New York,2025-01-24,Mobile,Credit Card,Budget,2024-2025
32,Male,124956.0,47,Groceries,New York,2025-01-25,Desktop,Debit Card,Standard,2024-2025
69,Female,84324.0,58,Home Decor,Chicago,2025-01-25,Mobile,PayPal,Standard,2024-2025
50,Male,106213.0,95,Electronics,Miami,2025-01-26,Mobile,Debit Card,Premium,2024-2025
38,Male,91635.0,90,Home Decor,Seattle,2025-01-29,Desktop,Debit Card,Standard,2024-2025
30,Male,51348.0,32,Electronics,Miami,2025-01-29,Tablet,Gift Card,Budget,2024-2025
44,Female,33467.0,92,Groceries,Houston,2025-01-30,Desktop,Debit Card,Budget,2024-2025
64,Male,132413.0,38,Sports,Los Angeles,2025-01-30,Mobile,Debit Card,Budget,2024-2025
39,Female,29686.0,51,Books,Chicago,2025-01-31,Desktop,Gift Card,Budget,2024-2025
66,Male,56487.0,98,Books,Chicago,2025-02-02,Desktop,Gift Card,Budget,2024-2025
24,Female,67055.0,16,Sports,Seattle,2025-02-04,Tablet,Gift Card,Budget,2024-2025
59,Male,114018.0,64,Groceries,Seattle,2025-02-04,Tablet,Debit Card,Standard,2024-2025
61,Female,42443.0,15,Electronics,Houston,2025-02-05,Tablet,Debit Card,Budget,2024-2025
58,Male,132301.0,41,Electronics,New York,2025-02-05,Desktop,Credit Card,Standard,2024-2025
43,Male,121520.0,33,Fashion,New York,2025-02-05,Mobile,Gift Card,Budget,2024-2025
31,Male,120969.0,66,Books,Miami,2025-02-06,Tablet,Debit Card,Standard,2024-2025
40,Male,47083.0,31,Sports,Boston,2025-02-07,Tablet,Debit Card,Budget,2024-2025
25,Female,67517.0,3,Home Decor,Seattle,2025-02-07,Tablet,PayPal,Budget,2024-2025
61,Male,22469.0,43,Books,New York,2025-02-08,Desktop,PayPal,Budget,2024-2025
46,Female,45923.0,86,Sports,Boston,2025-02-08,Desktop,PayPal,Budget,2024-2025
69,Male,124199.0,84,Home Decor,Miami,2025-02-09,Tablet,Gift Card,Premium,2024-2025
50,Male,67908.0,75,Electronics,Chicago,2025-02-10,Tablet,Credit Card,Standard,2024-2025
42,Female,146365.0,41,Electronics,Los Angeles,2025-02-10,Desktop,Gift Card,Standard,2024-2025
49,Male,110025.0,91,Fashion,New York,2025-02-11,Mobile,PayPal,Premium,2024-2025
18,Male,123110.0,12,Home Decor,Boston,2025-02-12,Mobile,Credit Card,Budget,2024-2025
18,Female,83483.0,10,Electronics,Miami,2025-02-13,Tablet,PayPal,Budget,2024-2025
26,Female,91831.0,39,Groceries,New York,2025-02-13,Desktop,Gift Card,Budget,2024-2025
19,Male,56509.0,67,Groceries,Chicago,2025-02-13,Tablet,Credit Card,Budget,2024-2025
66,Female,149044.0,4,Fashion,New York,2025-02-14,Tablet,Credit Card,Budget,2024-2025
27,Female,35563.0,70,Books,Seattle,2025-02-15,Mobile,Credit Card,Budget,2024-2025
20,Female,113300.0,20,Sports,Houston,2025-02-15,Desktop,Gift Card,Budget,2024-2025
57,Male,45426.0,97,Fashion,Boston,2025-02-17,Desktop,PayPal,Budget,2024-2025
42,Male,88008.0,69,Home Decor,New York,2025-02-20,Desktop,Credit Card,Standard,2024-2025
62,Female,103807.0,12,Electronics,Chicago,2025-02-21,Mobile,Credit Card,Budget,2024-2025
64,Male,48982.0,67,Groceries,Seattle,2025-02-21,Desktop,Debit Card,Budget,2024-2025
67,Male,97576.0,80,Home Decor,Miami,2025-02-23,Desktop,Credit Card,Standard,2024-2025
55,Male,60390.0,84,Groceries,Boston,2025-02-24,Mobile,PayPal,Standard,2024-2025
56,Female,46385.0,34,Fashion,Houston,2025-02-24,Desktop,Gift Card,Budget,2024-2025
20,Male,134306.0,10,Groceries,Seattle,2025-02-25,Desktop,Credit Card,Budget,2024-2025
30,Female,121293.0,7,Books,Chicago,2025-02-27,Tablet,Debit Card,Budget,2024-2025
46,Female,84315.0,33,Electronics,Houston,2025-02-28,Mobile,PayPal,Budget,2024-2025
65,Female,71047.0,22,Electronics,Houston,2025-03-02,Mobile,PayPal,Budget,2024-2025
36,Female,96743.0,84,Sports,Houston,2025-03-02,Desktop,Debit Card,Standard,2024-2025
56,Male,102879.0,97,Books,Boston,2025-03-02,Desktop,Debit Card,Premium,2024-2025
31,Male,128427.0,6,Books,Seattle,2025-03-04,Tablet,Credit Card,Budget,2024-2025
63,Female,63585.0,38,Groceries,New York,2025-03-05,Mobile,Gift Card,Budget,2024-2025
45,Male,86504.0,7,Fashion,Seattle,2025-03-06,Tablet,Credit Card,Budget,2024-2025
20,Male,85481.0,35,Home Decor,Chicago,2025-03-06,Mobile,Debit Card,Budget,2024-2025
64,Female,131335.0,62,Fashion,Los Angeles,2025-03-06,Desktop,Gift Card,Standard,2024-2025
34,Female,129847.0,78,Electronics,Los Angeles,2025-03-06,Desktop,Credit Card,Premium,2024-2025
67,Female,65272.0,82,Electronics,Seattle,2025-03-07,Desktop,Debit Card,Standard,2024-2025
68,Female,89274.0,22,Books,Chicago,2025-03-08,Tablet,Debit Card,Budget,2024-2025
20,Male,138154.0,3,Fashion,Los Angeles,2025-03-08,Mobile,Gift Card,Budget,2024-2025
25,Male,66881.0,44,Sports,Los Angeles,2025-03-09,Mobile,Debit Card,Standard,2024-2025
33,Male,107163.0,34,Sports,Houston,2025-03-11,Desktop,Credit Card,Budget,2024-2025
54,Female,64859.0,21,Books,Houston,2025-03-12,Tablet,PayPal,Budget,2024-2025
49,Male,84288.0,5,Groceries,Boston,2025-03-12,Tablet,Credit Card,Budget,2024-2025
48,Male,46155.0,60,Groceries,Boston,2025-03-12,Tablet,Debit Card,Budget,2024-2025
69,Female,104878.0,24,Fashion,Boston,2025-03-14,Mobile,PayPal,Budget,2024-2025
47,Female,64965.0,31,Sports,New York,2025-03-14,Desktop,Debit Card,Budget,2024-2025
31,Female,84106.0,3,Groceries,Boston,2025-03-15,Desktop,Gift Card,Budget,2024-2025
25,Female,43019.0,82,Books,Chicago,2025-03-15,Mobile,PayPal,Budget,2024-2025
39,Female,114795.0,65,Sports,Los Angeles,2025-03-15,Tablet,Credit Card,Standard,2024-2025
43,Female,59063.0,4,Sports,Seattle,2025-03-16,Mobile,PayPal,Budget,2024-2025
40,Male,97258.0,86,Fashion,Seattle,2025-03-16,Desktop,PayPal,Standard,2024-2025
22,Male,112324.0,41,Sports,Houston,2025-03-16,Desktop,PayPal,Standard,2024-2025
41,Male,134994.0,16,Electronics,Seattle,2025-03-17,Tablet,Gift Card,Budget,2024-2025
31,Female,39508.0,39,Books,Miami,2025-03-17,Desktop,Debit Card,Budget,2024-2025
46,Female,32289.0,85,Fashion,Los Angeles,2025-03-18,Desktop,PayPal,Budget,2024-2025
39,Male,32149.0,99,Books,Los Angeles,2025-03-19,Desktop,Debit Card,Budget,2024-2025
30,Male,114588.0,55,Groceries,Seattle,2025-03-20,Mobile,PayPal,Standard,2024-2025
32,Male,127510.0,97,Fashion,Seattle,2025-03-21,Mobile,Gift Card,Premium,2024-2025
29,Male,123409.0,10,Fashion,Houston,2025-03-22,Tablet,Debit Card,Budget,2024-2025
42,Female,46660.0,25,Home Decor,Chicago,2025-03-23,Tablet,Gift Card,Budget,2024-2025
61,Female,146209.0,73,Sports,Houston,2025-03-24,Mobile,PayPal,Premium,2024-2025
67,Female,22719.0,30,Books,Chicago,2025-03-24,Desktop,PayPal,Budget,2024-2025
22,Female,23654.0,69,Home Decor,Chicago,2025-03-24,Mobile,Debit Card,Budget,2024-2025
29,Male,96707.0,60,Electronics,Los Angeles,2025-03-25,Mobile,Gift Card,Standard,2024-2025
65,Male,128542.0,47,Fashion,Chicago,2025-03-25,Tablet,Debit Card,Standard,2024-2025
36,Female,39129.0,82,Groceries,Los Angeles,2025-03-25,Tablet,PayPal,Budget,2024-2025
54,Female,77372.0,79,Sports,Miami,2025-03-25,Mobile,PayPal,Standard,2024-2025
32,Female,100532.0,48,Books,Houston,2025-03-26,Mobile,Debit Card,Standard,2024-2025
26,Male,26540.0,93,Electronics,Los Angeles,2025-03-27,Desktop,Credit Card,Budget,2024-2025
38,Male,22396.0,70,Groceries,Houston,2025-03-27,Desktop,Debit Card,Budget,2024-2025
69,Female,119073.0,61,Home Decor,Chicago,2025-03-27,Tablet,PayPal,Standard,2024-2025
59,Female,135672.0,42,Electronics,Los Angeles,2025-03-28,Desktop,Gift Card,Standard,2024-2025
39,Male,51598.0,9,Groceries,Boston,2025-03-29,Tablet,Debit Card,Budget,2024-2025
36,Female,46987.0,28,Electronics,Los Angeles,2025-03-29,Tablet,Debit Card,Budget,2024-2025
50,Male,116826.0,65,Fashion,Miami,2025-03-29,Mobile,Credit Card,Standard,2024-2025
45,Male,92715.0,88,Electronics,Seattle,2025-03-30,Desktop,Credit Card,Standard,2024-2025
27,Female,118032.0,53,Sports,Boston,2025-03-31,Desktop,Debit Card,Standard,2024-2025
37,Female,45683.0,8,Fashion,Houston,2025-04-02,Tablet,Gift Card,Budget,2024-2025
25,Female,143797.0,18,Sports,Miami,2025-04-02,Mobile,Debit Card,Budget,2024-2025
60,Female,64413.0,62,Electronics,Miami,2025-04-03,Desktop,PayPal,Standard,2024-2025
64,Male,106206.0,35,Fashion,Boston,2025-04-04,Mobile,PayPal,Budget,2024-2025
52,Male,143008.0,12,Home Decor,New York,2025-04-06,Tablet,Gift Card,Budget,2024-2025
48,Female,134126.0,66,Books,Los Angeles,2025-04-06,Mobile,Gift Card,Standard,2024-2025
21,Male,140071.0,47,Fashion,Seattle,2025-04-07,Mobile,Gift Card,Standard,2024-2025
56,Female,32588.0,69,Groceries,Chicago,2025-04-08,Mobile,Credit Card,Budget,2024-2025
22,Female,131453.0,26,Groceries,Houston,2025-04-08,Desktop,Credit Card,Budget,2024-2025
50,Female,21058.0,54,Electronics,Miami,2025-04-08,Tablet,Credit Card,Budget,2024-2025
37,Male,62534.0,80,Electronics,Boston,2025-04-08,Tablet,Credit Card,Standard,2024-2025
33,Male,122471.0,17,Home Decor,New York,2025-04-08,Desktop,Credit Card,Budget,2024-2025
38,Male,44611.0,16,Sports,Boston,2025-04-09,Mobile,Credit Card,Budget,2024-2025
49,Female,130677.0,33,Books,New York,2025-04-09,Tablet,Debit Card,Budget,2024-2025
64,Male,66819.0,16,Books,Los Angeles,2025-04-10,Mobile,PayPal,Budget,2024-2025
29,Male,134828.0,6,Home Decor,Houston,2025-04-11,Mobile,PayPal,Budget,2024-2025
66,Male,70975.0,7,Sports,Chicago,2025-04-12,Tablet,PayPal,Budget,2024-2025
65,Male,80112.0,24,Fashion,Houston,2025-04-13,Desktop,Gift Card,Budget,2024-2025
35,Female,125221.0,46,Books,Houston,2025-04-13,Tablet,PayPal,Standard,2024-2025
36,Male,124056.0,46,Books,Chicago,2025-04-13,Tablet,Debit Card,Standard,2024-2025
43,Male,128856.0,64,Fashion,Seattle,2025-04-13,Mobile,PayPal,Standard,2024-2025
40,Male,59310.0,26,Fashion,New York,2025-04-13,Mobile,Gift Card,Budget,2024-2025
33,Female,131785.0,55,Electronics,New York,2025-04-15,Desktop,Debit Card,Standard,2024-2025
23,Male,28927.0,55,Home Decor,Miami,2025-04-18,Mobile,Credit Card,Budget,2024-2025
43,Female,139979.0,19,Electronics,Boston,2025-04-19,Mobile,PayPal,Budget,2024-2025
18,Female,135760.0,99,Fashion,Houston,2025-04-19,Tablet,Credit Card,Premium,2024-2025
63,Female,118540.0,12,Home Decor,Miami,2025-04-20,Mobile,PayPal,Budget,2024-2025
46,Female,133387.0,91,Home Decor,Miami,2025-04-21,Tablet,Debit Card,Premium,2024-2025
40,Male,132356.0,48,Fashion,Houston,2025-04-22,Mobile,Credit Card,Standard,2024-2025
19,Female,58827.0,10,Books,Chicago,2025-04-25,Desktop,Debit Card,Budget,2024-2025
68,Female,59214.0,87,Books,Houston,2025-04-26,Desktop,Credit Card,Budget,2024-2025
44,Female,120102.0,40,Sports,Boston,2025-04-27,Tablet,Credit Card,Budget,2024-2025
53,Male,25704.0,49,Electronics,Boston,2025-04-28,Mobile,Gift Card,Budget,2024-2025
39,Female,144873.0,19,Groceries,New York,2025-04-29,Tablet,Credit Card,Budget,2024-2025
53,Female,83852.0,14,Fashion,Chicago,2025-04-29,Mobile,Credit Card,Budget,2024-2025
32,Female,147769.0,82,Home Decor,Seattle,2025-04-30,Mobile,Credit Card,Premium,2024-2025
34,Male,51010.0,30,Sports,Houston,2025-05-01,Tablet,Gift Card,Budget,2024-2025
40,Male,148322.0,72,Groceries,Miami,2025-05-02,Desktop,Credit Card,Premium,2024-2025
66,Male,35577.0,28,Books,Houston,2025-05-04,Mobile,Debit Card,Budget,2024-2025
25,Male,135005.0,84,Home Decor,Seattle,2025-05-04,Mobile,Gift Card,Premium,2024-2025
62,Male,81246.0,98,Books,Boston,2025-05-04,Desktop,Credit Card,Standard,2024-2025
59,Male,119259.0,58,Books,Los Angeles,2025-05-04,Desktop,Debit Card,Standard,2024-2025
18,Female,70192.0,78,Sports,Seattle,2025-05-05,Tablet,PayPal,Standard,2024-2025
20,Female,127188.0,58,Sports,Chicago,2025-05-05,Tablet,PayPal,Standard,2024-2025
28,Female,46966.0,30,Home Decor,Chicago,2025-05-08,Mobile,Credit Card,Budget,2024-2025
25,Male,98301.0,60,Sports,Miami,2025-05-09,Desktop,PayPal,Standard,2024-2025
68,Female,59341.0,38,Electronics,Los Angeles,2025-05-12,Mobile,Credit Card,Budget,2024-2025
62,Female,49328.0,87,Fashion,Seattle,2025-05-13,Tablet,Debit Card,Budget,2024-2025
43,Male,92545.0,54,Sports,Los Angeles,2025-05-15,Desktop,Gift Card,Standard,2024-2025
35,Male,124874.0,59,Books,Seattle,2025-05-16,Tablet,Gift Card,Standard,2024-2025
47,Female,46160.0,40,Fashion,Houston,2025-05-16,Desktop,Debit Card,Budget,2024-2025
22,Male,141041.0,60,Electronics,Houston,2025-05-16,Desktop,Debit Card,Standard,2024-2025
30,Male,64976.0,35,Fashion,Chicago,2025-05-18,Tablet,Credit Card,Budget,2024-2025
33,Female,93384.0,32,Home Decor,Chicago,2025-05-20,Desktop,PayPal,Budget,2024-2025
33,Female,28125.0,38,Books,Houston,2025-05-22,Mobile,Debit Card,Budget,2024-2025
55,Female,39623.0,2,Books,Seattle,2025-05-23,Mobile,Gift Card,Budget,2024-2025
68,Male,32323.0,93,Electronics,Seattle,2025-05-23,Mobile,Credit Card,Budget,2024-2025
56,Male,34288.0,17,Home Decor,Los Angeles,2025-05-23,Mobile,PayPal,Budget,2024-2025
20,Female,65500.0,66,Electronics,Los Angeles,2025-05-25,Desktop,Gift Card,Standard,2024-2025
43,Female,46143.0,7,Groceries,Houston,2025-05-25,Tablet,Gift Card,Budget,2024-2025
49,Male,124101.0,69,Home Decor,Chicago,2025-05-25,Tablet,Gift Card,Standard,2024-2025
62,Male,51860.0,85,Home Decor,Chicago,2025-05-25,Desktop,Debit Card,Budget,2024-2025
53,Male,88577.0,73,Electronics,Chicago,2025-05-27,Tablet,Debit Card,Standard,2024-2025
60,Female,51007.0,86,Sports,Chicago,2025-05-27,Desktop,Gift Card,Budget,2024-2025
38,Male,131562.0,95,Fashion,Boston,2025-05-27,Desktop,PayPal,Premium,2024-2025
19,Male,53893.0,8,Fashion,Chicago,2025-05-29,Desktop,Gift Card,Budget,2024-2025
57,Female,55133.0,48,Sports,Seattle,2025-05-29,Desktop,Debit Card,Budget,2024-2025
56,Male,53755.0,28,Groceries,Boston,2025-05-30,Mobile,Debit Card,Budget,2024-2025
46,Female,49009.0,31,Fashion,Houston,2025-05-30,Desktop,Debit Card,Budget,2024-2025
18,Male,149582.0,1,Home Decor,Los Angeles,2025-05-30,Tablet,PayPal,Budget,2024-2025
62,Male,72930.0,55,Fashion,Miami,2025-05-31,Mobile,Debit Card,Standard,2024-2025
64,Male,122747.0,90,Groceries,Los Angeles,2025-05-31,Mobile,PayPal,Premium,2024-2025
40,Male,58559.0,73,Sports,Boston,2025-05-31,Desktop,PayPal,Budget,2024-2025
67,Male,131822.0,36,Fashion,Boston,2025-06-01,Tablet,Debit Card,Budget,2024-2025
63,Male,103976.0,51,Groceries,Chicago,2025-06-03,Tablet,Credit Card,Standard,2024-2025
68,Female,29077.0,63,Home Decor,Chicago,2025-06-06,Desktop,Credit Card,Budget,2024-2025
50,Female,41675.0,39,Books,Miami,2025-06-07,Tablet,Debit Card,Budget,2024-2025
41,Male,69268.0,72,Fashion,Boston,2025-06-07,Mobile,PayPal,Standard,2024-2025
42,Male,21969.0,90,Sports,Houston,2025-06-09,Desktop,Debit Card,Budget,2024-2025
45,Female,84732.0,48,Electronics,New York,2025-06-09,Mobile,Debit Card,Standard,2024-2025
45,Female,135374.0,5,Books,Chicago,2025-06-10,Tablet,Gift Card,Budget,2024-2025
43,Male,115673.0,55,Fashion,Chicago,2025-06-10,Tablet,Debit Card,Standard,2024-2025
38,Female,144465.0,8,Groceries,Boston,2025-06-11,Mobile,Debit Card,Budget,2024-2025
32,Male,137584.0,2,Groceries,Boston,2025-06-11,Desktop,PayPal,Budget,2024-2025
37,Male,45003.0,78,Sports,Los Angeles,2025-06-11,Mobile,Debit Card,Budget,2024-2025
51,Male,27227.0,91,Books,Boston,2025-06-12,Desktop,PayPal,Budget,2024-2025
66,Female,57208.0,5,Fashion,Chicago,2025-06-14,Mobile,Debit Card,Budget,2024-2025
22,Male,127317.0,23,Sports,Seattle,2025-06-14,Tablet,PayPal,Budget,2024-2025
62,Male,45537.0,2,Fashion,Chicago,2025-06-15,Mobile,Gift Card,Budget,2024-2025
49,Female,56914.0,92,Electronics,Miami,2025-06-15,Tablet,Gift Card,Budget,2024-2025
20,Female,49856.0,73,Books,Houston,2025-06-16,Tablet,Credit Card,Budget,2024-2025
45,Male,52196.0,85,Home Decor,Miami,2025-06-16,Tablet,Credit Card,Budget,2024-2025
24,Male,44860.0,83,Books,New York,2025-06-17,Tablet,PayPal,Budget,2024-2025
57,Female,138618.0,38,Home Decor,Los Angeles,2025-06-18,Tablet,Debit Card,Budget,2024-2025
67,Male,42911.0,21,Electronics,Boston,2025-06-20,Desktop,Debit Card,Budget,2024-2025
36,Male,132755.0,95,Fashion,Houston,2025-06-20,Tablet,Debit Card,Premium,2024-2025
26,Female,105530.0,93,Electronics,New York,2025-06-22,Mobile,Credit Card,Premium,2024-2025
67,Female,77993.0,78,Sports,Seattle,2025-06-22,Mobile,Debit Card,Standard,2024-2025
31,Female,144982.0,55,Books,Boston,2025-06-23,Desktop,Gift Card,Standard,2024-2025
60,Female,146561.0,92,Home Decor,Houston,2025-06-23,Tablet,Credit Card,Premium,2024-2025
65,Female,37633.0,26,Home Decor,New York,2025-06-24,Mobile,Debit Card,Budget,2024-2025
43,Female,64738.0,94,Sports,Houston,2025-06-24,Mobile,Debit Card,Standard,2024-2025
68,Female,138402.0,88,Home Decor,Houston,2025-06-24,Tablet,PayPal,Premium,2024-2025
53,Female,102811.0,88,Home Decor,Boston,2025-06-24,Desktop,Debit Card,Premium,2024-2025
53,Male,113623.0,21,Electronics,New York,2025-06-25,Desktop,Gift Card,Budget,2024-2025
56,Female,69138.0,82,Books,Houston,2025-06-27,Desktop,Debit Card,Standard,2024-2025
29,Male,65113.0,76,Sports,Seattle,2025-06-27,Desktop,Gift Card,Standard,2024-2025
66,Female,57380.0,71,Groceries,Boston,2025-06-27,Mobile,Gift Card,Budget,2024-2025
40,Female,80576.0,64,Books,Boston,2025-06-28,Desktop,PayPal,Standard,2024-2025
42,Female,51324.0,41,Electronics,Houston,2025-06-28,Mobile,Gift Card,Budget,2024-2025
35,Female,68368.0,15,Sports,Chicago,2025-06-30,Tablet,PayPal,Budget,2024-2025
26,Female,111749.0,28,Electronics,Boston,2025-06-30,Mobile,Gift Card,Budget,2024-2025
44,Female,111428.0,55,Home Decor,Chicago,2025-06-30,Mobile,Debit Card,Standard,2024-2025
67,Male,119950.0,55,Sports,Houston,2025-07-01,Desktop,PayPal,Standard,2024-2025
68,Male,121529.0,77,Sports,Seattle,2025-07-01,Desktop,Debit Card,Premium,2024-2025
58,Male,102711.0,26,Fashion,Chicago,2025-07-02,Mobile,Debit Card,Budget,2024-2025
25,Female,108920.0,38,Books,Chicago,2025-07-03,Tablet,PayPal,Budget,2024-2025
59,Male,134846.0,78,Electronics,Los Angeles,2025-07-04,Desktop,PayPal,Premium,2024-2025
54,Male,65893.0,45,Groceries,Boston,2025-07-04,Mobile,PayPal,Standard,2024-2025
34,Female,144088.0,20,Groceries,Boston,2025-07-04,Desktop,Debit Card,Budget,2024-2025
40,Male,145818.0,17,Sports,Houston,2025-07-06,Tablet,Credit Card,Budget,2024-2025
30,Female,127904.0,47,Fashion,Chicago,2025-07-06,Tablet,PayPal,Standard,2024-2025
34,Male,43669.0,4,Sports,Seattle,2025-07-06,Desktop,PayPal,Budget,2024-2025
51,Female,106936.0,53,Sports,Chicago,2025-07-07,Desktop,PayPal,Standard,2024-2025
36,Female,55046.0,63,Home Decor,Chicago,2025-07-09,Mobile,Credit Card,Budget,2024-2025
28,Female,74253.0,16,Home Decor,Houston,2025-07-10,Tablet,Debit Card,Budget,2024-2025
54,Male,141863.0,19,Sports,New York,2025-07-10,Desktop,PayPal,Budget,2024-2025
32,Female,88916.0,13,Groceries,Houston,2025-07-11,Tablet,Gift Card,Budget,2024-2025
65,Female,23389.0,21,Sports,Seattle,2025-07-11,Mobile,Gift Card,Budget,2024-2025
66,Male,79189.0,28,Sports,Boston,2025-07-12,Desktop,PayPal,Budget,2024-2025
20,Male,44826.0,23,Electronics,New York,2025-07-13,Mobile,Debit Card,Budget,2024-2025
29,Male,110874.0,89,Groceries,Boston,2025-07-15,Desktop,Gift Card,Premium,2024-2025
46,Male,98131.0,3,Groceries,Houston,2025-07-17,Mobile,Credit Card,Budget,2024-2025
59,Male,92460.0,20,Home Decor,Seattle,2025-07-17,Mobile,Gift Card,Budget,2024-2025
44,Male,21367.0,39,Books,Seattle,2025-07-18,Desktop,Credit Card,Budget,2024-2025
26,Female,143153.0,20,Groceries,Chicago,2025-07-19,Mobile,Gift Card,Budget,2024-2025
52,Female,145150.0,99,Groceries,New York,2025-07-19,Mobile,Gift Card,Premium,2024-2025
33,Female,33281.0,13,Fashion,New York,2025-07-20,Desktop,PayPal,Budget,2024-2025
26,Male,42890.0,78,Fashion,Los Angeles,2025-07-20,Desktop,Credit Card,Budget,2024-2025
41,Male,107046.0,56,Electronics,Miami,2025-07-21,Tablet,PayPal,Standard,2024-2025
23,Female,101889.0,32,Home Decor,Boston,2025-07-23,Mobile,Credit Card,Budget,2024-2025
56,Male,107128.0,7,Sports,New York,2025-07-23,Tablet,Debit Card,Budget,2024-2025
61,Male,31561.0,49,Sports,Chicago,2025-07-23,Mobile,PayPal,Budget,2024-2025
59,Male,131925.0,50,Fashion,Boston,2025-07-25,Tablet,Gift Card,Standard,2024-2025
65,Female,118762.0,86,Electronics,Chicago,2025-07-26,Desktop,PayPal,Premium,2024-2025
65,Female,76985.0,16,Books,Los Angeles,2025-07-26,Mobile,Gift Card,Budget,2024-2025
48,Male,62287.0,86,Books,Boston,2025-07-27,Desktop,PayPal,Standard,2024-2025
23,Male,85455.0,32,Groceries,Chicago,2025-07-29,Mobile,Gift Card,Budget,2024-2025
55,Female,98612.0,50,Sports,Miami,2025-07-31,Tablet,Debit Card,Standard,2024-2025
57,Male,94131.0,20,Groceries,Chicago,2025-08-01,Desktop,Gift Card,Budget,2024-2025
60,Female,48404.0,77,Groceries,Boston,2025-08-01,Mobile,Credit Card,Budget,2024-2025
21,Male,103186.0,61,Fashion,Houston,2025-08-01,Tablet,Gift Card,Standard,2024-2025
52,Male,33673.0,20,Home Decor,Los Angeles,2025-08-01,Desktop,PayPal,Budget,2024-2025
61,Female,61235.0,21,Sports,Chicago,2025-08-02,Desktop,PayPal,Budget,2024-2025
49,Female,89249.0,73,Electronics,Seattle,2025-08-02,Desktop,Credit Card,Standard,2024-2025
59,Female,37772.0,42,Electronics,New York,2025-08-02,Mobile,PayPal,Budget,2024-2025
45,Male,51910.0,98,Electronics,New York,2025-08-05,Tablet,Credit Card,Budget,2024-2025
39,Male,120494.0,74,Home Decor,Boston,2025-08-05,Desktop,PayPal,Premium,2024-2025
61,Female,132214.0,19,Sports,Boston,2025-08-06,Mobile,PayPal,Budget,2024-2025
48,Female,125361.0,3,Books,Los Angeles,2025-08-06,Mobile,Debit Card,Budget,2024-2025
50,Female,111194.0,89,Fashion,Miami,2025-08-06,Mobile,PayPal,Premium,2024-2025
36,Male,62823.0,85,Sports,New York,2025-08-08,Tablet,Gift Card,Standard,2024-2025
20,Male,103309.0,11,Home Decor,Los Angeles,2025-08-08,Tablet,Gift Card,Budget,2024-2025
47,Female,135170.0,88,Sports,Miami,2025-08-08,Tablet,Debit Card,Premium,2024-2025
21,Male,80461.0,78,Fashion,Miami,2025-08-10,Desktop,PayPal,Standard,2024-2025
49,Female,132360.0,2,Books,New York,2025-08-12,Tablet,Debit Card,Budget,2024-2025
28,Male,130459.0,36,Home Decor,New York,2025-08-12,Desktop,Debit Card,Budget,2024-2025
28,Male,76088.0,5,Books,Miami,2025-08-12,Desktop,Debit Card,Budget,2024-2025
65,Female,90981.0,54,Electronics,New York,2025-08-13,Mobile,Credit Card,Standard,2024-2025
62,Male,31563.0,46,Home Decor,Houston,2025-08-14,Desktop,Credit Card,Budget,2024-2025
22,Female,26368.0,12,Home Decor,Miami,2025-08-14,Mobile,Credit Card,Budget,2024-2025
19,Female,65241.0,4,Groceries,Chicago,2025-08-14,Tablet,Debit Card,Budget,2024-2025
38,Female,62207.0,25,Sports,Seattle,2025-08-15,Desktop,Credit Card,Budget,2024-2025
53,Female,95713.0,2,Fashion,Houston,2025-08-15,Mobile,Gift Card,Budget,2024-2025
68,Male,27421.0,38,Fashion,Chicago,2025-08-17,Mobile,PayPal,Budget,2024-2025
55,Female,85641.0,25,Fashion,Los Angeles,2025-08-18,Tablet,Debit Card,Budget,2024-2025
62,Male,83646.0,17,Electronics,Chicago,2025-08-19,Mobile,Gift Card,Budget,2024-2025
68,Male,146945.0,15,Sports,New York,2025-08-20,Desktop,PayPal,Budget,2024-2025
61,Female,27314.0,66,Sports,Houston,2025-08-20,Mobile,PayPal,Budget,2024-2025
44,Male,142555.0,52,Groceries,Boston,2025-08-21,Mobile,Gift Card,Standard,2024-2025
36,Male,41804.0,51,Groceries,Seattle,2025-08-22,Desktop,Credit Card,Budget,2024-2025
34,Male,72098.0,75,Fashion,Seattle,2025-08-24,Mobile,PayPal,Standard,2024-2025
19,Female,95418.0,20,Home Decor,New York,2025-08-24,Mobile,PayPal,Budget,2024-2025
33,Male,130944.0,30,Books,Boston,2025-08-31,Tablet,Debit Card,Budget,2024-2025
65,Male,142720.0,21,Electronics,Seattle,2025-08-31,Mobile,Debit Card,Budget,2024-2025
35,Female,34484.0,98,Fashion,Los Angeles,2025-09-01,Mobile,Gift Card,Budget,2024-2025
53,Male,84881.0,39,Electronics,Miami,2025-09-01,Tablet,Debit Card,Budget,2024-2025
29,Male,85082.0,75,Electronics,Seattle,2025-09-03,Mobile,Gift Card,Standard,2024-2025
56,Female,104082.0,22,Books,Chicago,2025-09-03,Tablet,Debit Card,Budget,2024-2025
69,Female,70861.0,17,Home Decor,New York,2025-09-05,Mobile,PayPal,Budget,2024-2025
35,Male,89298.0,38,Groceries,Boston,2025-09-05,Desktop,Gift Card,Budget,2024-2025
36,Male,46984.0,88,Groceries,New York,2025-09-05,Desktop,PayPal,Budget,2024-2025
67,Male,88576.0,19,Home Decor,Seattle,2025-09-06,Mobile,Gift Card,Budget,2024-2025
51,Female,101571.0,62,Books,Chicago,2025-09-06,Mobile,Gift Card,Standard,2024-2025
66,Female,127510.0,61,Books,Seattle,2025-09-07,Tablet,Credit Card,Standard,2024-2025
48,Female,149612.0,86,Electronics,New York,2025-09-10,Mobile,Gift Card,Premium,2024-2025
35,Male,68231.0,8,Fashion,Seattle,2025-09-10,Tablet,Gift Card,Budget,2024-2025
52,Female,77660.0,84,Fashion,Houston,2025-09-10,Tablet,Gift Card,Standard,2024-2025
45,Male,113747.0,88,Electronics,Houston,2025-09-12,Desktop,Gift Card,Premium,2024-2025
32,Female,45592.0,45,Fashion,Boston,2025-09-12,Desktop,PayPal,Budget,2024-2025
35,Female,21435.0,8,Electronics,Chicago,2025-09-13,Desktop,Credit Card,Budget,2024-2025
49,Female,103310.0,84,Fashion,New York,2025-09-13,Tablet,Debit Card,Premium,2024-2025
47,Female,49734.0,48,Groceries,Chicago,2025-09-13,Desktop,Debit Card,Budget,2024-2025
18,Male,128997.0,1,Groceries,Chicago,2025-09-15,Tablet,Credit Card,Budget,2024-2025
39,Female,121678.0,10,Sports,Chicago,2025-09-16,Tablet,Gift Card,Budget,2024-2025
23,Female,120441.0,41,Fashion,New York,2025-09-16,Tablet,Debit Card,Standard,2024-2025
51,Male,118117.0,46,Books,Miami,2025-09-16,Tablet,Credit Card,Standard,2024-2025
38,Female,56378.0,35,Books,Los Angeles,2025-09-16,Mobile,Credit Card,Budget,2024-2025
32,Male,32201.0,20,Home Decor,Boston,2025-09-18,Mobile,PayPal,Budget,2024-2025
24,Female,32115.0,37,Sports,Boston,2025-09-19,Desktop,PayPal,Budget,2024-2025
31,Female,64569.0,80,Books,Los Angeles,2025-09-20,Mobile,Credit Card,Standard,2024-2025
34,Male,40022.0,3,Groceries,Miami,2025-09-22,Desktop,PayPal,Budget,2024-2025
24,Female,81550.0,7,Books,Seattle,2025-09-22,Tablet,PayPal,Budget,2024-2025
24,Male,116652.0,3,Books,Boston,2025-09-22,Mobile,PayPal,Budget,2024-2025
47,Female,101040.0,49,Books,Los Angeles,2025-09-23,Desktop,PayPal,Standard,2024-2025
19,Female,145261.0,86,Electronics,Los Angeles,2025-09-23,Tablet,Gift Card,Premium,2024-2025
44,Male,92240.0,44,Books,Miami,2025-09-23,Desktop,PayPal,Standard,2024-2025
33,Female,108576.0,74,Books,Houston,2025-09-23,Desktop,Gift Card,Premium,2024-2025
43,Female,88878.0,38,Home Decor,New York,2025-09-23,Mobile,Gift Card,Budget,2024-2025
45,Male,135621.0,81,Electronics,Houston,2025-09-23,Mobile,PayPal,Premium,2024-2025
45,Female,132269.0,51,Books,Miami,2025-09-24,Tablet,Debit Card,Standard,2024-2025
51,Female,107266.0,2,Books,Seattle,2025-09-25,Tablet,Debit Card,Budget,2024-2025
67,Male,77716.0,85,Groceries,New York,2025-09-25,Tablet,Debit Card,Standard,2024-2025
40,Male,101437.0,61,Groceries,Seattle,2025-09-26,Desktop,PayPal,Standard,2024-2025
56,Female,47208.0,26,Sports,Chicago,2025-09-26,Mobile,Debit Card,Budget,2024-2025
34,Male,67064.0,92,Books,Chicago,2025-09-27,Mobile,Gift Card,Standard,2024-2025
19,Female,87675.0,91,Home Decor,Seattle,2025-09-27,Desktop,Credit Card,Standard,2024-2025
60,Female,145659.0,95,Electronics,Seattle,2025-09-27,Mobile,Debit Card,Premium,2024-2025
39,Male,119616.0,36,Books,Boston,2025-09-28,Tablet,PayPal,Budget,2024-2025
68,Male,118511.0,89,Electronics,New York,2025-09-28,Mobile,Credit Card,Premium,2024-2025
50,Female,146740.0,5,Groceries,New York,2025-09-29,Mobile,PayPal,Budget,2024-2025
